CustomerID,SeniorCitizen,tenure,MonthlyCharges,TotalCharges,gender_Male,Partner_Yes,Dependents_Yes,PhoneService_Yes,MultipleLines_No phone service,MultipleLines_Yes,InternetService_Fiber optic,InternetService_No,OnlineSecurity_No internet service,OnlineSecurity_Yes,OnlineBackup_No internet service,OnlineBackup_Yes,DeviceProtection_No internet service,DeviceProtection_Yes,TechSupport_No internet service,TechSupport_Yes,StreamingTV_No internet service,StreamingTV_Yes,StreamingMovies_No internet service,StreamingMovies_Yes,Contract_One year,Contract_Two year,PaperlessBilling_Yes,PaymentMethod_Credit card (automatic),PaymentMethod_Electronic check,PaymentMethod_Mailed check,Actual_Churn,Churn_Probability_%,Risk_Tier
5178-LMXOP,1,1,95.1,95.1,1,1,0,1,0,1,1,0,0,0,0,0,0,0,0,0,0,1,0,1,0,0,1,0,1,0,1,85.5,High Risk
0295-PPHDO,0,1,95.45,95.45,1,0,0,1,0,1,1,0,0,0,0,0,0,0,0,0,0,1,0,1,0,0,1,0,1,0,1,83.1,High Risk
6861-XWTWQ,1,7,99.25,665.45,1,1,0,1,0,1,1,0,0,0,0,0,0,1,0,0,0,1,0,1,0,0,1,0,1,0,1,83.0,High Risk
2545-EBUPK,1,2,84.05,186.05,0,0,0,1,0,1,1,0,0,0,0,0,0,0,0,0,0,0,0,1,0,0,1,0,1,0,0,81.9,High Risk
8884-ADFVN,1,7,101.95,700.85,1,1,0,1,0,1,1,0,0,0,0,0,0,1,0,0,0,1,0,1,0,0,1,0,1,0,1,81.9,High Risk
1069-XAIEM,1,1,85.05,85.05,0,0,0,1,0,1,1,0,0,0,0,0,0,0,0,0,0,0,0,1,0,0,1,0,1,0,1,81.8,High Risk
6023-YEBUP,0,3,100.95,329.95,1,0,0,1,0,1,1,0,0,0,0,0,0,1,0,0,0,1,0,1,0,0,1,0,1,0,1,81.6,High Risk
9057-SIHCH,0,3,96.6,291.9,0,0,0,1,0,1,1,0,0,0,0,0,0,0,0,0,0,1,0,1,0,0,1,0,1,0,1,81.5,High Risk
1400-MMYXY,1,3,105.9,334.65,1,1,0,1,0,1,1,0,0,0,0,1,0,1,0,0,0,1,0,1,0,0,1,0,1,0,1,81.5,High Risk
6630-UJZMY,1,4,83.25,308.05,0,1,0,1,0,1,1,0,0,0,0,0,0,0,0,0,0,1,0,0,0,0,1,0,1,0,0,81.5,High Risk
8161-QYMTT,0,7,94.1,701.3,1,0,0,1,0,1,1,0,0,0,0,0,0,0,0,0,0,1,0,1,0,0,1,0,1,0,0,81.3,High Risk
4750-ZRXIU,1,4,84.6,360.1,0,0,0,1,0,1,1,0,0,0,0,0,0,0,0,0,0,0,0,1,0,0,1,0,1,0,1,80.7,High Risk
2865-TCHJW,1,4,89.2,346.2,0,0,0,1,0,1,1,0,0,0,0,0,0,1,0,0,0,1,0,0,0,0,1,0,1,0,1,80.2,High Risk
3722-WPXTK,0,1,88.35,88.35,1,0,0,1,0,0,1,0,0,0,0,0,0,0,0,0,0,1,0,1,0,0,1,0,1,0,1,79.8,High Risk
3320-VEOYC,1,14,95.6,1273.3,1,0,0,1,0,1,1,0,0,0,0,0,0,0,0,0,0,1,0,1,0,0,1,0,1,0,0,79.4,High Risk
0970-ETWGE,0,1,89.55,89.55,1,0,0,1,0,0,1,0,0,0,0,0,0,0,0,0,0,1,0,1,0,0,1,0,1,0,1,79.2,High Risk
8593-WHYHV,0,3,85.3,264.8,1,0,0,1,0,1,1,0,0,0,0,0,0,0,0,0,0,0,0,1,0,0,1,0,1,0,1,78.8,High Risk
1143-NMNQJ,0,2,85.7,169.8,0,0,0,1,0,1,1,0,0,0,0,0,0,0,0,0,0,0,0,1,0,0,1,0,1,0,1,78.8,High Risk
4927-WWOOZ,0,2,91.45,171.45,1,1,0,1,0,1,1,0,0,0,0,0,0,1,0,0,0,1,0,0,0,0,1,0,1,0,0,78.4,High Risk
4115-NZRKS,1,7,89.15,574.35,0,0,0,1,0,0,1,0,0,0,0,0,0,0,0,0,0,1,0,1,0,0,1,0,1,0,0,78.2,High Risk
8739-XNIKG,0,5,84.0,424.75,0,0,0,1,0,1,1,0,0,0,0,0,0,0,0,0,0,1,0,0,0,0,1,0,1,0,0,78.1,High Risk
8245-UMPYT,1,16,96.4,1581.2,0,0,0,1,0,1,1,0,0,0,0,0,0,0,0,0,0,1,0,1,0,0,1,0,1,0,1,78.0,High Risk
9248-OJYKK,1,1,76.45,76.45,1,0,0,1,0,1,1,0,0,0,0,0,0,0,0,0,0,0,0,0,0,0,1,0,1,0,1,77.9,High Risk
9611-CTWIH,0,3,89.45,240.45,0,0,0,1,0,0,1,0,0,0,0,0,0,0,0,0,0,1,0,1,0,0,1,0,1,0,1,77.8,High Risk
2034-GDRCN,0,2,90.4,168.2,0,0,0,1,0,0,1,0,0,0,0,0,0,0,0,0,0,1,0,1,0,0,1,0,1,0,1,77.8,High Risk
4587-VVTOX,0,6,105.3,545.2,0,1,0,1,0,1,1,0,0,0,0,1,0,1,0,0,0,1,0,1,0,0,1,0,1,0,1,77.4,High Risk
6969-MVBAI,1,9,90.1,816.8,0,0,0,1,0,1,1,0,0,0,0,0,0,1,0,0,0,1,0,0,0,0,1,0,1,0,0,77.3,High Risk
4713-LZDRV,1,2,79.6,195.05,0,0,0,1,0,0,1,0,0,0,0,0,0,0,0,0,0,0,0,1,0,0,1,0,1,0,1,77.0,High Risk
9221-OTIVJ,1,14,104.85,1531.4,0,0,0,1,0,1,1,0,0,0,0,1,0,1,0,0,0,1,0,1,0,0,1,0,1,0,1,76.6,High Risk
8258-GSTJK,1,3,77.0,237.75,1,0,0,1,0,1,1,0,0,0,0,0,0,0,0,0,0,0,0,0,0,0,1,0,1,0,1,76.5,High Risk
6230-BSUXY,1,1,85.0,85.0,0,0,0,1,0,0,1,0,0,0,0,0,0,1,0,0,0,0,0,1,0,0,1,0,1,0,1,76.5,High Risk
4415-IJZTP,0,1,74.5,74.5,0,0,0,1,0,1,1,0,0,0,0,0,0,0,0,0,0,0,0,0,0,0,1,0,1,0,1,76.0,High Risk
9334-GWGOW,1,7,74.85,485.25,1,1,0,1,0,1,1,0,0,0,0,0,0,0,0,0,0,0,0,0,0,0,1,0,1,0,0,75.4,High Risk
2514-GINMM,0,1,79.5,79.5,1,0,0,1,0,0,1,0,0,0,0,0,0,0,0,0,0,1,0,0,0,0,1,0,1,0,1,75.3,High Risk
2077-MPJQO,1,7,75.4,533.05,1,1,0,1,0,1,1,0,0,0,0,0,0,0,0,0,0,0,0,0,0,0,1,0,1,0,0,75.3,High Risk
7249-WBIYX,0,10,85.6,813.85,1,1,0,1,0,1,1,0,0,0,0,0,0,0,0,0,0,1,0,0,0,0,1,0,1,0,1,75.0,High Risk
6979-ZNSFF,0,8,87.05,762.1,0,0,0,1,0,1,1,0,0,0,0,0,0,0,0,0,0,1,0,0,0,0,1,0,1,0,1,75.0,High Risk
7817-BOQPW,0,2,75.55,166.3,0,0,0,1,0,1,1,0,0,0,0,0,0,0,0,0,0,0,0,0,0,0,1,0,1,0,1,74.9,High Risk
0655-RBDUG,0,7,98.05,713.0,1,0,0,1,0,1,1,0,0,0,0,0,0,1,0,0,0,1,0,1,0,0,1,0,0,0,1,74.7,High Risk
3519-ZKXGG,0,3,75.85,256.6,0,1,0,1,0,1,1,0,0,0,0,0,0,0,0,0,0,0,0,0,0,0,1,0,1,0,1,74.6,High Risk
4090-KPJIP,0,3,74.95,212.4,0,0,0,1,0,1,1,0,0,0,0,0,0,0,0,0,0,0,0,0,0,0,1,0,1,0,0,74.5,High Risk
8083-YTZES,0,4,74.35,265.35,1,0,0,1,0,1,1,0,0,0,0,0,0,0,0,0,0,0,0,0,0,0,1,0,1,0,1,74.5,High Risk
2609-IAICY,0,1,77.15,77.15,0,0,0,1,0,1,1,0,0,0,0,0,0,0,0,0,0,0,0,0,0,0,1,0,1,0,1,74.5,High Risk
2202-CUYXZ,0,1,84.85,84.85,1,0,0,1,0,0,1,0,0,0,0,0,0,1,0,0,0,1,0,0,0,0,1,0,1,0,1,74.3,High Risk
1320-HTRDR,0,3,75.5,220.6,0,0,0,1,0,1,1,0,0,0,0,0,0,0,0,0,0,0,0,0,0,0,1,0,1,0,1,74.2,High Risk
7209-JCUDS,0,10,94.9,1048.85,1,0,0,1,0,0,1,0,0,0,0,0,0,1,0,0,0,1,0,1,0,0,1,0,1,0,1,74.1,High Risk
2027-FECZV,0,12,106.7,1253.9,1,0,0,1,0,1,1,0,0,0,0,1,0,1,0,0,0,1,0,1,0,0,1,0,1,0,1,74.0,High Risk
9878-TNQGW,0,2,80.95,171.15,1,0,0,1,0,0,1,0,0,0,0,0,0,0,0,0,0,0,0,1,0,0,1,0,1,0,1,73.9,High Risk
6328-ZPBGN,1,11,95.15,997.65,0,0,0,1,0,1,1,0,0,0,0,0,0,0,0,0,0,1,0,1,0,0,1,0,0,0,1,73.9,High Risk
8443-ZRDBZ,0,4,76.05,318.9,1,0,0,1,0,1,1,0,0,0,0,0,0,0,0,0,0,0,0,0,0,0,1,0,1,0,1,73.8,High Risk
2985-FMWYF,0,23,93.5,2341.55,0,0,0,1,0,1,1,0,0,0,0,0,0,0,0,0,0,1,0,1,0,0,1,0,1,0,0,73.7,High Risk
8622-ZLFKO,0,6,90.75,512.25,0,1,0,1,0,1,1,0,0,0,0,1,0,0,0,0,0,0,0,1,0,0,1,0,1,0,0,73.7,High Risk
7130-VTEWQ,1,8,75.75,606.25,0,0,0,1,0,1,1,0,0,0,0,0,0,0,0,0,0,0,0,0,0,0,1,0,1,0,1,73.6,High Risk
5382-SOYZL,0,22,95.1,2162.6,1,0,0,1,0,1,1,0,0,0,0,0,0,0,0,0,0,1,0,1,0,0,1,0,1,0,0,73.4,High Risk
2959-MJHIC,0,4,80.35,307.4,1,1,0,1,0,0,1,0,0,0,0,0,0,0,0,0,0,1,0,0,0,0,1,0,1,0,1,73.3,High Risk
8375-DKEBR,1,1,69.6,69.6,0,0,0,1,0,0,1,0,0,0,0,0,0,0,0,0,0,0,0,0,0,0,1,0,1,0,1,73.3,High Risk
5698-BQJOH,0,9,94.4,857.25,0,0,0,1,0,1,1,0,0,0,0,0,0,0,0,0,0,1,0,1,0,0,0,0,1,0,1,73.2,High Risk
4806-KEXQR,0,4,79.9,324.3,1,0,0,1,0,0,1,0,0,0,0,0,0,0,0,0,0,0,0,1,0,0,1,0,1,0,1,73.2,High Risk
8752-STIVR,0,4,79.0,303.15,0,0,0,1,0,0,1,0,0,0,0,0,0,0,0,0,0,1,0,0,0,0,1,0,1,0,1,73.2,High Risk
4229-CZMLL,0,6,74.9,469.8,1,0,0,1,0,1,1,0,0,0,0,0,0,0,0,0,0,0,0,0,0,0,1,0,1,0,1,73.1,High Risk
7181-BQYBV,0,1,102.45,102.45,0,1,1,1,0,1,1,0,0,1,0,0,0,1,0,0,0,1,0,1,0,0,1,0,1,0,1,73.0,High Risk
8775-ERLNB,1,1,74.3,74.3,1,1,0,1,0,1,1,0,0,0,0,0,0,0,0,0,0,0,0,0,0,0,0,0,1,0,0,72.7,High Risk
3006-XIMLN,0,2,94.2,193.8,0,0,1,1,0,1,1,0,0,0,0,0,0,0,0,0,0,1,0,1,0,0,1,0,0,0,1,72.6,High Risk
2495-INZWQ,0,4,44.55,174.3,1,0,0,0,1,0,0,0,0,0,0,0,0,0,0,0,0,1,0,1,0,0,1,0,1,0,1,72.5,High Risk
7180-PISOG,0,1,74.5,74.5,1,1,1,1,0,1,1,0,0,0,0,0,0,0,0,0,0,0,0,0,0,0,1,0,1,0,1,72.5,High Risk
7235-NXZCP,1,2,74.85,156.4,1,0,0,1,0,1,1,0,0,0,0,0,0,0,0,0,0,0,0,0,0,0,1,0,0,1,1,72.5,High Risk
7218-HKQFK,0,2,94.2,167.5,1,1,0,1,0,0,1,0,0,0,0,0,0,0,0,1,0,1,0,1,0,0,1,0,1,0,1,72.4,High Risk
8541-QVFKM,0,8,73.5,632.2,0,0,0,1,0,1,1,0,0,0,0,0,0,0,0,0,0,0,0,0,0,0,1,0,1,0,0,72.3,High Risk
5052-PNLOS,0,3,105.35,323.25,1,0,0,1,0,1,1,0,0,0,0,1,0,1,0,0,0,1,0,1,0,0,1,0,0,0,1,72.1,High Risk
6892-XPFPU,1,24,104.25,2433.9,1,1,0,1,0,1,1,0,0,0,0,1,0,1,0,0,0,1,0,1,0,0,1,0,1,0,1,72.1,High Risk
3338-CVVEH,0,12,94.55,1173.55,1,0,0,1,0,1,1,0,0,0,0,0,0,0,0,0,0,1,0,1,0,0,0,0,1,0,0,72.0,High Risk
4342-HENTK,1,2,70.65,142.35,0,0,0,1,0,0,1,0,0,0,0,0,0,0,0,0,0,0,0,0,0,0,1,0,1,0,1,72.0,High Risk
8361-LTMKD,1,4,74.4,306.6,1,1,0,1,0,1,1,0,0,0,0,0,0,0,0,0,0,0,0,0,0,0,1,0,0,1,1,71.9,High Risk
1628-BIZYP,0,1,85.0,85.0,1,0,0,1,0,0,1,0,0,0,0,1,0,0,0,0,0,0,0,1,0,0,1,0,1,0,0,71.6,High Risk
3030-YDNRM,0,8,74.85,572.45,1,0,0,1,0,1,1,0,0,0,0,0,0,0,0,0,0,0,0,0,0,0,1,0,1,0,0,71.6,High Risk
3750-CKVKH,0,2,67.75,116.65,1,0,0,1,0,0,1,0,0,0,0,0,0,0,0,0,0,0,0,0,0,0,1,0,1,0,1,71.2,High Risk
4735-ASGMA,0,26,98.35,2515.3,1,0,0,1,0,1,1,0,0,0,0,0,0,1,0,0,0,1,0,1,0,0,1,0,1,0,1,71.2,High Risk
3716-BDVDB,0,1,69.1,69.1,1,0,0,1,0,0,1,0,0,0,0,0,0,0,0,0,0,0,0,0,0,0,1,0,1,0,1,71.1,High Risk
3199-XGZCY,0,8,75.25,576.7,0,0,0,1,0,1,1,0,0,0,0,0,0,0,0,0,0,0,0,0,0,0,1,0,1,0,0,70.9,High Risk
1820-TQVEV,0,1,69.55,69.55,1,0,0,1,0,0,1,0,0,0,0,0,0,0,0,0,0,0,0,0,0,0,1,0,1,0,1,70.9,High Risk
6857-VWJDT,0,1,95.65,95.65,0,0,0,1,0,1,1,0,0,0,0,0,0,0,0,0,0,1,0,1,0,0,0,0,0,1,1,70.9,High Risk
7354-OIJLX,0,9,75.85,724.65,1,0,0,1,0,1,1,0,0,0,0,0,0,0,0,0,0,0,0,0,0,0,1,0,1,0,0,70.7,High Risk
5542-TBBWB,0,1,69.9,69.9,1,0,0,1,0,0,1,0,0,0,0,0,0,0,0,0,0,0,0,0,0,0,1,0,1,0,0,70.6,High Risk
5357-TZHPP,1,9,84.4,732.5,1,0,0,1,0,1,1,0,0,0,0,0,0,0,0,0,0,0,0,1,0,0,1,1,0,0,1,70.6,High Risk
3707-GNWHM,0,1,74.25,74.25,1,0,0,1,0,1,1,0,0,0,0,0,0,0,0,0,0,0,0,0,0,0,1,0,0,1,1,70.6,High Risk
9804-ICWBG,0,1,69.9,69.9,1,0,0,1,0,0,1,0,0,0,0,0,0,0,0,0,0,0,0,0,0,0,1,0,1,0,1,70.6,High Risk
9685-WKZGT,1,14,74.95,1036.75,1,0,0,1,0,1,1,0,0,0,0,0,0,0,0,0,0,0,0,0,0,0,1,0,1,0,1,70.5,High Risk
7363-QTBIW,0,9,79.75,769.1,0,1,0,1,0,0,1,0,0,0,0,0,0,0,0,0,0,0,0,1,0,0,1,0,1,0,0,70.3,High Risk
3292-PBZEJ,1,11,111.4,1183.05,1,0,0,1,0,1,1,0,0,0,0,1,0,1,0,1,0,1,0,1,0,0,1,0,1,0,0,70.3,High Risk
3244-DCJWY,0,1,70.25,70.25,0,0,0,1,0,0,1,0,0,0,0,0,0,0,0,0,0,0,0,0,0,0,1,0,1,0,1,70.0,Medium Risk
7273-TEFQD,1,3,41.15,132.2,1,0,0,0,1,0,0,0,0,0,0,0,0,1,0,0,0,0,0,1,0,0,1,0,1,0,1,69.9,Medium Risk
7029-RPUAV,1,17,100.45,1622.45,1,1,0,1,0,1,1,0,0,0,0,0,0,1,0,0,0,1,0,1,0,0,1,1,0,0,1,69.9,Medium Risk
0841-NULXI,0,1,35.55,35.55,1,0,0,0,1,0,0,0,0,0,0,0,0,0,0,0,0,0,0,1,0,0,1,0,1,0,1,69.8,Medium Risk
8699-ASUFO,1,7,74.4,527.9,1,1,0,1,0,1,1,0,0,0,0,0,0,0,0,0,0,0,0,0,0,0,1,0,0,1,1,69.8,Medium Risk
5376-DEQCP,0,1,70.6,70.6,0,0,0,1,0,0,1,0,0,0,0,0,0,0,0,0,0,0,0,0,0,0,1,0,1,0,1,69.7,Medium Risk
9717-QEBGU,0,2,70.3,144.0,1,0,0,1,0,0,1,0,0,0,0,0,0,0,0,0,0,0,0,0,0,0,1,0,1,0,0,69.7,Medium Risk
2761-OCIAX,1,2,74.7,165.4,1,0,0,1,0,0,1,0,0,0,0,1,0,0,0,0,0,0,0,0,0,0,1,0,1,0,1,69.5,Medium Risk
6507-ZJSUR,1,23,90.45,2117.25,1,1,0,1,0,0,1,0,0,0,0,0,0,0,0,0,0,1,0,1,0,0,1,0,1,0,0,69.5,Medium Risk
4445-ZJNMU,0,9,99.3,918.75,1,0,0,1,0,1,1,0,0,0,0,1,0,0,0,0,0,1,0,1,0,0,1,1,0,0,0,69.4,Medium Risk
6000-APYLU,0,9,80.8,713.1,1,0,0,1,0,0,1,0,0,0,0,0,0,0,0,0,0,0,0,1,0,0,1,0,1,0,1,69.3,Medium Risk
0679-IDSTG,1,1,69.25,69.25,0,1,1,1,0,0,1,0,0,0,0,0,0,0,0,0,0,0,0,0,0,0,1,0,1,0,1,69.3,Medium Risk
2485-ITVKB,0,2,35.1,68.75,0,1,0,0,1,0,0,0,0,0,0,0,0,0,0,0,0,0,0,1,0,0,1,0,1,0,1,69.2,Medium Risk
2845-HSJCY,0,14,87.25,1258.6,0,1,1,1,0,1,1,0,0,0,0,0,0,1,0,0,0,0,0,1,0,0,1,0,1,0,1,69.2,Medium Risk
1980-KXVPM,1,3,75.05,256.25,0,0,0,1,0,1,1,0,0,0,0,0,0,0,0,0,0,0,0,0,0,0,1,1,0,0,1,69.1,Medium Risk
6856-RAURS,0,2,74.9,136.05,0,0,0,1,0,1,1,0,0,0,0,0,0,0,0,0,0,0,0,0,0,0,1,0,0,1,0,69.0,Medium Risk
4631-OACRM,1,15,79.4,1156.1,1,0,0,1,0,0,1,0,0,0,0,0,0,0,0,0,0,0,0,1,0,0,1,0,1,0,1,69.0,Medium Risk
7005-CCBKV,0,6,84.4,556.35,1,0,0,1,0,0,1,0,0,0,0,1,0,0,0,0,0,0,0,1,0,0,1,0,1,0,1,68.9,Medium Risk
3721-CNEYS,0,2,70.95,137.95,0,0,0,1,0,0,1,0,0,0,0,0,0,0,0,0,0,0,0,0,0,0,1,0,1,0,1,68.8,Medium Risk
1016-DJTSV,1,8,69.7,572.85,1,0,0,1,0,0,1,0,0,0,0,0,0,0,0,0,0,0,0,0,0,0,1,0,1,0,0,68.8,Medium Risk
0871-URUWO,0,13,102.25,1359.0,1,1,0,1,0,1,1,0,0,0,0,0,0,1,0,0,0,1,0,1,0,0,1,1,0,0,1,68.7,Medium Risk
4706-AXVKM,1,11,84.8,906.85,0,0,0,1,0,1,1,0,0,0,0,0,0,0,0,0,0,0,0,1,0,0,1,1,0,0,1,68.6,Medium Risk
5628-FCGYG,0,21,84.1,1737.45,1,0,0,1,0,1,1,0,0,0,0,0,0,0,0,0,0,0,0,1,0,0,1,0,1,0,0,68.5,Medium Risk
6077-BDPXA,0,3,70.15,194.2,0,0,0,1,0,0,1,0,0,0,0,0,0,0,0,0,0,0,0,0,0,0,1,0,1,0,0,68.5,Medium Risk
5167-ZFFMM,0,1,90.85,90.85,1,0,0,1,0,1,1,0,0,0,0,1,0,0,0,0,0,0,0,1,0,0,1,1,0,0,1,68.3,Medium Risk
1731-TVIUK,0,4,93.5,362.2,0,0,0,1,0,1,1,0,0,0,0,1,0,0,0,1,0,0,0,1,0,0,1,0,1,0,1,68.3,Medium Risk
2754-SDJRD,1,8,100.15,908.55,0,0,0,1,0,1,1,0,0,0,0,0,0,0,0,1,0,1,0,1,0,0,1,1,0,0,0,68.3,Medium Risk
6372-RFVNS,0,1,78.8,78.8,0,1,0,1,0,0,1,0,0,0,0,0,0,0,0,0,0,1,0,0,0,0,0,0,1,0,1,68.2,Medium Risk
9279-CJEOJ,1,21,95.4,2025.1,0,0,0,1,0,1,1,0,0,0,0,0,0,0,0,0,0,1,0,1,0,0,1,0,0,0,0,68.2,Medium Risk
0004-TLHLJ,0,4,73.9,280.85,1,0,0,1,0,0,1,0,0,0,0,0,0,1,0,0,0,0,0,0,0,0,1,0,1,0,1,68.2,Medium Risk
5159-YFPKQ,0,2,75.8,160.75,0,0,0,1,0,0,1,0,0,0,0,0,0,1,0,0,0,0,0,0,0,0,1,0,1,0,1,68.1,Medium Risk
6543-XRMYR,1,30,99.7,2967.35,0,0,0,1,0,1,1,0,0,0,0,1,0,0,0,0,0,1,0,1,0,0,1,0,1,0,1,67.9,Medium Risk
5419-CONWX,1,4,99.8,442.85,0,0,0,1,0,0,1,0,0,0,0,1,0,1,0,0,0,1,0,1,0,0,1,1,0,0,1,67.8,Medium Risk
1768-ZAIFU,1,1,25.2,25.2,0,0,0,0,1,0,0,0,0,0,0,0,0,0,0,0,0,0,0,0,0,0,1,0,1,0,1,67.8,Medium Risk
6047-YHPVI,0,5,69.7,316.9,1,0,0,1,0,0,1,0,0,0,0,0,0,0,0,0,0,0,0,0,0,0,1,0,1,0,1,67.7,Medium Risk
7409-KIUTL,1,1,71.0,71.0,0,0,1,1,0,0,1,0,0,0,0,0,0,0,0,0,0,0,0,0,0,0,1,0,1,0,1,67.7,Medium Risk
9507-EXLTT,0,1,79.35,79.35,0,1,0,1,0,0,1,0,0,0,0,0,0,0,0,0,0,1,0,0,0,0,1,0,0,0,1,67.6,Medium Risk
2057-ZBLPD,0,21,86.5,1808.7,0,1,0,1,0,1,1,0,0,0,0,0,0,0,0,0,0,0,0,1,0,0,1,0,1,0,1,67.3,Medium Risk
7198-GLXTC,0,2,79.0,143.65,1,0,0,1,0,0,1,0,0,0,0,0,0,0,0,0,0,1,0,0,0,0,0,0,1,0,1,67.3,Medium Risk
2867-UIMSS,0,1,80.5,80.5,1,0,0,1,0,0,1,0,0,0,0,0,0,0,0,0,0,0,0,1,0,0,0,0,1,0,1,67.1,Medium Risk
0390-DCFDQ,1,1,70.45,70.45,0,1,0,1,0,0,1,0,0,0,0,0,0,0,0,0,0,0,0,0,0,0,1,0,0,1,1,66.8,Medium Risk
6376-GAHQE,0,4,77.85,299.2,1,0,0,1,0,0,1,0,0,0,0,0,0,0,0,0,0,1,0,0,0,0,0,0,1,0,1,66.7,Medium Risk
8397-MVTAZ,0,34,100.05,3480.0,1,1,0,1,0,1,1,0,0,0,0,0,0,1,0,0,0,1,0,1,0,0,1,0,1,0,1,66.6,Medium Risk
8873-GLDMH,0,6,73.85,401.3,0,0,0,1,0,1,1,0,0,0,0,0,0,0,0,0,0,0,0,0,0,0,1,0,0,1,0,66.6,Medium Risk
2254-DLXRI,0,1,79.15,79.15,0,0,0,1,0,1,1,0,0,0,0,1,0,0,0,0,0,0,0,0,0,0,1,0,0,1,0,66.4,Medium Risk
5228-EXCET,0,13,80.85,1008.7,1,0,0,1,0,0,1,0,0,0,0,0,0,0,0,0,0,0,0,1,0,0,1,0,1,0,1,66.3,Medium Risk
4283-FUTGF,1,19,79.85,1471.75,1,0,0,1,0,1,1,0,0,0,0,0,0,1,0,0,0,0,0,0,0,0,1,0,1,0,1,66.3,Medium Risk
2665-NPTGL,1,26,98.1,2510.7,0,1,0,1,0,1,1,0,0,0,0,0,0,1,0,0,0,1,0,1,0,0,1,0,0,0,0,66.2,Medium Risk
1853-UDXBW,0,1,70.0,70.0,1,1,1,1,0,0,1,0,0,0,0,0,0,0,0,0,0,0,0,0,0,0,1,0,1,0,1,66.2,Medium Risk
4301-VVZKA,0,16,75.4,1189.4,1,1,0,1,0,1,1,0,0,0,0,0,0,0,0,0,0,0,0,0,0,0,1,0,1,0,0,66.1,Medium Risk
2737-YNGYW,0,2,80.55,184.1,0,0,0,1,0,0,1,0,0,0,0,0,0,0,0,0,0,0,0,1,0,0,0,0,1,0,1,66.0,Medium Risk
3677-IYRBF,1,2,30.4,78.65,0,0,0,0,1,0,0,0,0,0,0,0,0,1,0,0,0,0,0,0,0,0,1,0,1,0,1,65.9,Medium Risk
6899-PPEEA,1,37,96.55,3580.3,0,0,0,1,0,1,1,0,0,0,0,0,0,0,0,0,0,1,0,1,0,0,1,0,1,0,1,65.9,Medium Risk
6712-OAWRH,1,26,91.25,2351.8,0,0,0,1,0,0,1,0,0,0,0,0,0,0,0,0,0,1,0,1,0,0,1,0,1,0,1,65.9,Medium Risk
5196-SGOAK,0,1,75.7,75.7,0,0,0,1,0,0,1,0,0,0,0,1,0,0,0,0,0,0,0,0,0,0,1,0,1,0,1,65.8,Medium Risk
7861-UVUFT,0,15,84.3,1308.4,0,1,0,1,0,0,1,0,0,0,0,0,0,1,0,0,0,1,0,0,0,0,1,0,1,0,1,65.7,Medium Risk
5186-SAMNZ,1,1,69.5,69.5,1,0,0,1,0,0,1,0,0,0,0,0,0,0,0,0,0,0,0,0,0,0,1,0,0,0,1,65.7,Medium Risk
2439-LYPMQ,1,38,102.6,4009.2,1,1,0,1,0,1,1,0,0,0,0,1,0,1,0,0,0,1,0,1,0,0,1,0,1,0,0,65.7,Medium Risk
1867-BDVFH,0,11,74.35,834.2,1,1,1,1,0,1,1,0,0,0,0,0,0,0,0,0,0,0,0,0,0,0,1,0,1,0,1,65.6,Medium Risk
4873-ILOLJ,0,24,90.35,2238.5,1,0,0,1,0,0,1,0,0,0,0,0,0,0,0,0,0,1,0,1,0,0,1,0,1,0,1,65.5,Medium Risk
3422-LYEPQ,0,1,71.0,71.0,1,1,1,1,0,0,1,0,0,0,0,0,0,0,0,0,0,0,0,0,0,0,1,0,1,0,1,65.5,Medium Risk
8739-WWKDU,1,25,89.5,2196.15,1,0,0,1,0,1,1,0,0,0,0,1,0,0,0,0,0,1,0,0,0,0,1,0,1,0,1,65.4,Medium Risk
1024-GUALD,0,1,24.8,24.8,0,1,0,0,1,0,0,0,0,0,0,0,0,0,0,0,0,0,0,0,0,0,1,0,1,0,1,65.4,Medium Risk
1475-VWVDO,0,7,74.9,490.55,1,0,0,1,0,0,1,0,0,0,0,0,0,1,0,0,0,0,0,0,0,0,1,0,1,0,0,65.3,Medium Risk
2025-JKFWI,0,13,99.0,1301.7,1,0,0,1,0,1,1,0,0,0,0,0,0,0,0,1,0,1,0,1,0,0,1,0,0,1,1,65.2,Medium Risk
3585-ISXZP,0,8,95.65,778.1,0,0,0,1,0,1,1,0,0,0,0,0,0,0,0,0,0,1,0,1,0,0,0,0,0,0,1,64.9,Medium Risk
0235-KGSLC,0,1,85.55,85.55,0,0,0,1,0,0,1,0,0,0,0,0,0,1,0,0,0,1,0,0,0,0,1,1,0,0,1,64.7,Medium Risk
4817-VYYWS,0,30,100.2,2983.8,0,0,0,1,0,1,1,0,0,0,0,1,0,0,0,0,0,1,0,1,0,0,1,0,1,0,1,64.5,Medium Risk
8380-PEFPE,0,1,71.65,71.65,1,0,1,1,0,0,1,0,0,0,0,0,0,0,0,0,0,0,0,0,0,0,1,0,1,0,1,64.5,Medium Risk
8266-VBFQL,0,4,90.4,356.65,1,0,0,1,0,0,1,0,0,0,0,0,0,1,0,1,0,0,0,1,0,0,1,0,1,0,0,64.2,Medium Risk
3877-JRJIP,0,1,59.85,59.85,1,0,0,1,0,1,0,0,0,0,0,0,0,0,0,0,0,1,0,0,0,0,1,0,1,0,1,64.2,Medium Risk
2482-CZGBB,0,10,70.0,740.0,1,0,0,1,0,0,1,0,0,0,0,0,0,0,0,0,0,0,0,0,0,0,1,0,1,0,1,64.0,Medium Risk
0685-MLYYM,1,2,70.75,154.85,0,0,0,1,0,0,1,0,0,0,0,0,0,0,0,0,0,0,0,0,0,0,0,0,1,0,1,63.9,Medium Risk
8821-XNHVZ,0,1,80.05,80.05,0,1,1,1,0,0,1,0,0,0,0,0,0,0,0,0,0,1,0,0,0,0,1,0,0,1,1,63.7,Medium Risk
1112-CUNAO,1,15,89.85,1424.95,0,0,0,1,0,1,1,0,0,0,0,1,0,0,0,0,0,0,0,1,0,0,0,0,1,0,1,63.7,Medium Risk
7912-SYRQT,0,7,75.1,552.95,0,0,0,1,0,1,1,0,0,0,0,0,0,0,0,0,0,0,0,0,0,0,1,0,0,0,1,63.6,Medium Risk
0432-CAJZV,0,3,90.7,237.65,1,0,0,1,0,0,1,0,0,0,0,0,0,0,0,0,0,1,0,1,0,0,0,0,0,1,0,63.6,Medium Risk
0576-WNXXC,1,27,95.55,2510.2,1,1,0,1,0,1,1,0,0,0,0,1,0,1,0,0,0,0,0,1,0,0,1,0,1,0,1,63.5,Medium Risk
1379-FRVEB,0,15,91.0,1430.05,1,0,1,1,0,1,1,0,0,0,0,1,0,0,0,0,0,1,0,0,0,0,1,0,1,0,0,63.4,Medium Risk
3908-BLSYF,0,6,83.9,497.55,0,0,0,1,0,0,1,0,0,0,0,0,0,1,0,0,0,0,0,1,0,0,0,0,1,0,1,63.2,Medium Risk
6319-IEJWJ,0,20,90.2,1776.55,1,1,1,1,0,0,1,0,0,0,0,0,0,0,0,0,0,1,0,1,0,0,1,0,1,0,1,63.1,Medium Risk
9741-YLNTD,0,6,87.95,522.35,1,0,0,1,0,1,1,0,0,0,0,0,0,0,0,1,0,0,0,1,0,0,1,0,0,0,0,63.1,Medium Risk
9054-FOWNV,0,22,88.75,1885.15,1,1,1,1,0,1,1,0,0,0,0,0,0,1,0,0,0,1,0,0,0,0,1,0,1,0,0,62.9,Medium Risk
8709-KRDVL,0,33,100.0,3320.6,0,0,0,1,0,1,1,0,0,0,0,1,0,0,0,0,0,1,0,1,0,0,1,0,1,0,0,62.9,Medium Risk
1448-PWKYE,0,1,80.0,80.0,1,1,1,1,0,0,1,0,0,0,0,0,0,0,0,0,0,0,0,1,0,0,0,0,1,0,1,62.8,Medium Risk
1751-NCDLI,1,46,98.85,4564.9,1,1,0,1,0,1,1,0,0,0,0,0,0,1,0,0,0,1,0,1,0,0,1,0,1,0,0,62.5,Medium Risk
4983-CCWMC,0,3,69.6,207.4,1,0,0,1,0,0,1,0,0,0,0,0,0,0,0,0,0,0,0,0,0,0,1,0,0,1,0,62.5,Medium Risk
2754-XBHTB,0,9,77.65,714.15,0,0,0,1,0,0,1,0,0,0,0,0,0,0,0,0,0,1,0,0,0,0,1,0,0,0,1,62.4,Medium Risk
6137-NICCO,0,6,94.05,518.75,0,1,1,1,0,1,1,0,0,0,0,1,0,1,0,0,0,1,0,0,0,0,1,0,0,1,0,62.4,Medium Risk
0923-PNFUB,0,3,83.75,247.25,0,0,0,1,0,0,1,0,0,0,0,1,0,0,0,0,0,1,0,0,0,0,0,0,1,0,1,62.3,Medium Risk
9840-DVNDC,0,6,80.5,463.05,1,0,0,1,0,0,1,0,0,0,0,0,0,0,0,0,0,1,0,0,0,0,1,1,0,0,1,62.3,Medium Risk
6705-LXORM,1,5,70.05,302.6,0,1,0,1,0,0,1,0,0,0,0,0,0,0,0,0,0,0,0,0,0,0,0,0,1,0,0,62.2,Medium Risk
0524-IAVZO,0,30,85.0,2624.25,0,1,0,1,0,1,1,0,0,0,0,0,0,0,0,0,0,0,0,1,0,0,1,0,1,0,1,62.2,Medium Risk
4029-HPFVY,0,3,70.3,220.4,1,0,0,1,0,0,1,0,0,0,0,0,0,0,0,0,0,0,0,0,0,0,1,0,0,1,0,62.1,Medium Risk
1302-UHBDD,1,20,89.95,1648.45,1,0,0,1,0,0,1,0,0,0,0,0,0,0,0,0,0,1,0,1,0,0,0,0,1,0,0,62.1,Medium Risk
7534-BFESC,1,24,76.1,1712.7,1,0,0,1,0,1,1,0,0,0,0,0,0,0,0,0,0,0,0,0,0,0,1,0,1,0,1,61.8,Medium Risk
5339-PXDVH,0,4,90.65,367.95,1,0,0,1,0,1,1,0,0,1,0,0,0,0,0,0,0,1,0,0,0,0,0,0,1,0,0,61.8,Medium Risk
2860-RANUS,1,20,85.8,1727.5,0,0,0,1,0,1,1,0,0,0,0,0,0,0,0,0,0,0,0,1,0,0,1,1,0,0,1,61.8,Medium Risk
3672-YITQD,1,36,84.1,3021.6,1,1,0,1,0,1,1,0,0,0,0,0,0,0,0,0,0,0,0,1,0,0,1,0,1,0,1,61.7,Medium Risk
0023-XUOPT,0,13,94.1,1215.6,0,1,0,1,0,1,1,0,0,0,0,1,0,1,0,0,0,1,0,0,0,0,0,0,1,0,1,61.6,Medium Risk
8650-RHRKE,0,4,29.65,118.5,1,0,0,0,1,0,0,0,0,0,0,0,0,1,0,0,0,0,0,0,0,0,1,0,1,0,1,61.5,Medium Risk
5380-WJKOV,0,34,106.35,3549.25,1,0,0,1,0,1,1,0,0,0,0,1,0,1,0,0,0,1,0,1,0,0,1,0,1,0,1,61.5,Medium Risk
7495-OOKFY,1,8,80.65,633.3,0,1,0,1,0,1,1,0,0,0,0,1,0,0,0,0,0,0,0,0,0,0,1,1,0,0,1,61.4,Medium Risk
4412-YLTKF,1,27,78.05,2135.5,0,0,0,1,0,1,1,0,0,0,0,0,0,1,0,0,0,0,0,0,0,0,1,0,1,0,1,61.2,Medium Risk
0258-NOKBL,0,3,90.4,268.45,1,0,0,1,0,0,1,0,0,0,0,1,0,1,0,0,0,0,0,1,0,0,0,0,1,0,0,60.8,Medium Risk
5442-BHQNG,0,2,70.35,139.25,0,0,0,1,0,0,1,0,0,0,0,0,0,0,0,0,0,0,0,0,0,0,0,0,1,0,0,60.8,Medium Risk
7928-VJYAB,0,11,90.6,1020.2,1,1,1,1,0,0,1,0,0,0,0,0,0,0,0,0,0,1,0,1,0,0,0,0,1,0,0,60.8,Medium Risk
0388-EOPEX,0,2,74.4,139.4,0,1,0,1,0,0,1,0,0,1,0,0,0,0,0,0,0,0,0,0,0,0,1,0,1,0,1,60.7,Medium Risk
1658-TJVOA,1,6,74.1,450.9,0,0,0,1,0,0,1,0,0,1,0,0,0,0,0,0,0,0,0,0,0,0,1,0,1,0,0,60.7,Medium Risk
9940-RHLFB,0,1,75.3,75.3,0,0,0,1,0,0,1,0,0,0,0,0,0,1,0,0,0,0,0,0,0,0,0,0,1,0,1,60.7,Medium Risk
3858-VOBET,0,23,74.95,1710.45,1,0,0,1,0,1,1,0,0,0,0,0,0,0,0,0,0,0,0,0,0,0,1,0,1,0,1,60.5,Medium Risk
0616-ATFGB,1,1,25.05,25.05,1,1,0,0,1,0,0,0,0,0,0,0,0,0,0,0,0,0,0,0,0,0,0,0,1,0,1,60.4,Medium Risk
3365-SAIGS,0,17,83.55,1329.15,0,0,0,1,0,0,1,0,0,0,0,1,0,0,0,0,0,1,0,0,0,0,1,0,1,0,0,60.4,Medium Risk
4686-UXDML,0,21,99.85,1992.55,0,0,0,1,0,1,1,0,0,0,0,1,0,0,0,0,0,1,0,1,0,0,1,1,0,0,0,60.4,Medium Risk
0581-BXBUB,1,4,72.75,317.75,0,0,0,1,0,0,1,0,0,0,0,1,0,0,0,0,0,0,0,0,0,0,0,0,1,0,0,60.4,Medium Risk
6338-AVWCY,0,3,40.15,130.75,1,0,0,0,1,0,0,0,0,0,0,0,0,1,0,0,0,1,0,0,0,0,1,0,0,1,1,60.4,Medium Risk
9576-ANLXO,0,3,69.55,222.3,0,0,0,1,0,0,1,0,0,0,0,0,0,0,0,0,0,0,0,0,0,0,1,0,0,0,1,60.3,Medium Risk
8676-TRMJS,0,3,75.0,209.1,1,0,0,1,0,1,1,0,0,0,0,0,0,0,0,0,0,0,0,0,0,0,0,0,0,1,1,60.2,Medium Risk
1989-PRJHP,1,27,75.5,1893.95,1,1,0,1,0,1,1,0,0,0,0,0,0,0,0,0,0,0,0,0,0,0,1,0,1,0,1,60.2,Medium Risk
7278-CKDNC,1,24,80.5,2088.45,1,0,0,1,0,1,1,0,0,0,0,1,0,0,0,0,0,0,0,0,0,0,1,0,1,0,0,60.1,Medium Risk
8132-YPVBX,0,6,85.95,514.6,0,0,0,1,0,0,1,0,0,0,0,1,0,0,0,0,0,0,0,1,0,0,1,0,0,1,0,60.1,Medium Risk
6910-HADCM,0,1,76.35,76.35,0,0,0,1,0,0,1,0,0,0,0,0,0,1,0,0,0,0,0,0,0,0,0,0,1,0,1,59.9,Medium Risk
9050-QLROH,0,18,90.7,1597.25,1,0,0,1,0,1,1,0,0,0,0,0,0,1,0,0,0,0,0,1,0,0,1,1,0,0,1,59.7,Medium Risk
9866-QEVEE,0,19,86.0,1532.45,1,0,0,1,0,1,1,0,0,0,0,0,0,0,0,0,0,0,0,1,0,0,1,0,0,0,1,59.7,Medium Risk
4919-IKATY,0,5,84.5,453.75,1,1,1,1,0,1,1,0,0,1,0,0,0,1,0,0,0,0,0,0,0,0,1,0,1,0,1,59.6,Medium Risk
0506-LVNGN,1,5,75.55,349.65,0,0,0,1,0,0,1,0,0,0,0,0,0,1,0,0,0,0,0,0,0,0,1,1,0,0,1,59.5,Medium Risk
1077-HUUJM,0,7,71.05,472.65,0,0,1,1,0,0,1,0,0,0,0,0,0,0,0,0,0,0,0,0,0,0,1,0,1,0,0,59.5,Medium Risk
2187-PKZAY,0,12,79.95,1043.4,1,0,0,1,0,0,1,0,0,0,0,0,0,0,0,0,0,0,0,1,0,0,1,0,0,0,0,59.4,Medium Risk
2325-NBPZG,0,3,74.55,233.65,0,0,0,1,0,0,1,0,0,1,0,0,0,0,0,0,0,0,0,0,0,0,1,0,1,0,0,59.3,Medium Risk
8621-MNIHH,1,34,94.25,3217.55,0,1,0,1,0,1,1,0,0,0,0,1,0,1,0,0,0,0,0,1,0,0,1,0,1,0,1,59.3,Medium Risk
6821-BUXUX,0,13,96.65,1244.5,0,0,0,1,0,1,1,0,0,1,0,1,0,0,0,0,0,1,0,0,0,0,1,0,1,0,1,59.1,Medium Risk
0330-IVZHA,0,5,69.95,330.15,0,1,0,1,0,0,1,0,0,0,0,0,0,0,0,0,0,0,0,0,0,0,0,0,1,0,1,59.0,Medium Risk
9692-TUSXH,0,18,96.05,1740.7,0,0,0,1,0,0,1,0,0,1,0,0,0,0,0,0,0,1,0,1,0,0,1,0,1,0,1,58.9,Medium Risk
4647-MUZON,0,18,95.95,1745.5,0,1,0,1,0,0,1,0,0,0,0,0,0,1,0,0,0,1,0,1,0,0,1,1,0,0,0,58.8,Medium Risk
0749-IRGQE,1,13,45.3,528.45,0,1,0,0,1,0,0,0,0,0,0,0,0,0,0,0,0,1,0,1,0,0,0,0,1,0,0,58.6,Medium Risk
0958-YHXGP,0,7,69.9,497.3,0,0,0,1,0,0,1,0,0,0,0,0,0,0,0,0,0,0,0,0,0,0,1,0,0,1,0,58.5,Medium Risk
6175-IRFIT,0,5,78.75,426.35,1,0,0,1,0,0,1,0,0,0,0,0,0,0,0,0,0,0,0,1,0,0,0,0,0,1,0,58.4,Medium Risk
8818-DOPVL,1,46,104.45,4863.85,0,0,0,1,0,1,1,0,0,0,0,1,0,1,0,0,0,1,0,1,0,0,1,0,1,0,0,58.4,Medium Risk
9167-APMXZ,0,22,84.15,1821.95,0,0,0,1,0,1,1,0,0,0,0,0,0,0,0,0,0,1,0,0,0,0,1,0,0,0,0,58.4,Medium Risk
4547-LYTDD,0,16,72.65,1194.3,0,0,0,1,0,1,1,0,0,0,0,0,0,0,0,0,0,0,0,0,0,0,0,0,1,0,1,58.4,Medium Risk
6680-WKXRZ,0,3,74.4,215.8,0,0,0,1,0,1,1,0,0,0,0,0,0,0,0,0,0,0,0,0,0,0,0,0,0,0,1,58.3,Medium Risk
5144-TVGLP,1,38,94.75,3653.0,1,0,0,1,0,1,1,0,0,0,0,0,0,0,0,0,0,1,0,1,0,0,0,0,1,0,0,58.2,Medium Risk
7571-YXDAD,0,2,74.9,147.15,0,0,0,1,0,1,1,0,0,0,0,0,0,0,0,0,0,0,0,0,0,0,0,1,0,0,1,58.0,Medium Risk
7952-OBOYL,0,3,89.85,244.45,1,0,0,1,0,0,1,0,0,0,0,0,0,1,0,1,0,1,0,0,0,0,1,0,0,1,0,57.9,Medium Risk
1894-IGFSG,0,22,89.25,1907.85,0,0,0,1,0,0,1,0,0,0,0,0,0,0,0,0,0,1,0,1,0,0,0,0,1,0,1,57.6,Medium Risk
0376-YMCJC,0,23,90.6,1943.2,1,0,0,1,0,1,1,0,0,0,0,0,0,0,0,1,0,1,0,0,0,0,1,0,1,0,1,57.6,Medium Risk
0899-LIIBW,0,34,100.85,3527.3,1,1,0,1,0,1,1,0,0,0,0,0,0,1,0,0,0,1,0,1,0,0,0,0,1,0,0,57.6,Medium Risk
5501-TVMGM,0,1,55.25,55.25,1,0,0,1,0,0,0,0,0,0,0,0,0,0,0,0,0,0,0,1,0,0,1,0,1,0,0,57.1,Medium Risk
7748-UMTRK,1,30,101.3,2974.5,0,0,1,1,0,1,1,0,0,0,0,0,0,0,0,1,0,1,0,1,0,0,1,0,1,0,0,57.0,Medium Risk
5480-HPRRX,1,3,25.3,77.75,0,0,0,0,1,0,0,0,0,0,0,0,0,0,0,0,0,0,0,0,0,0,0,0,1,0,1,57.0,Medium Risk
2041-JIJCI,0,5,64.0,370.25,0,0,0,1,0,1,0,0,0,0,0,1,0,0,0,0,0,0,0,1,0,0,1,0,1,0,0,56.9,Medium Risk
1236-WFCDV,1,14,90.45,1266.1,1,0,0,1,0,0,1,0,0,0,0,0,0,0,0,0,0,1,0,1,0,0,0,1,0,0,1,56.9,Medium Risk
1335-NTIUC,0,9,24.95,190.25,1,0,0,0,1,0,0,0,0,0,0,0,0,0,0,0,0,0,0,0,0,0,1,0,1,0,0,56.6,Medium Risk
7881-EVUAD,0,2,42.6,72.4,0,0,0,0,1,0,0,0,0,1,0,1,0,0,0,0,0,0,0,1,0,0,1,0,1,0,1,56.5,Medium Risk
1092-GANHU,0,17,76.65,1313.55,1,0,0,1,0,0,1,0,0,0,0,0,0,1,0,0,0,0,0,0,0,0,1,0,1,0,1,56.4,Medium Risk
3063-QFSZL,0,1,55.4,55.4,0,0,0,1,0,0,0,0,0,0,0,0,0,0,0,0,0,0,0,1,0,0,1,0,1,0,1,56.4,Medium Risk
4818-QIUFN,1,20,79.15,1520.9,0,0,0,1,0,1,1,0,0,1,0,0,0,0,0,0,0,0,0,0,0,0,1,0,1,0,1,56.3,Medium Risk
9227-LUNBG,0,1,24.6,24.6,0,0,0,0,1,0,0,0,0,0,0,0,0,0,0,0,0,0,0,0,0,0,0,0,1,0,1,56.2,Medium Risk
7410-YTJIK,0,7,75.45,480.75,0,0,0,1,0,1,1,0,0,0,0,0,0,0,0,0,0,0,0,0,0,0,0,0,0,1,1,55.9,Medium Risk
0581-MDMPW,0,24,88.95,2072.75,0,0,0,1,0,1,1,0,0,0,0,0,0,1,0,0,0,1,0,0,0,0,1,1,0,0,0,55.7,Medium Risk
8160-HOWOX,0,7,66.85,458.1,0,0,0,1,0,0,0,0,0,0,0,0,0,0,0,0,0,1,0,1,0,0,1,0,1,0,0,55.6,Medium Risk
7470-MCQTK,0,13,48.75,633.4,0,1,0,0,1,0,0,0,0,0,0,0,0,1,0,0,0,1,0,1,0,0,1,0,0,0,1,55.5,Medium Risk
8393-DLHGA,0,25,95.9,2448.75,1,0,1,1,0,0,1,0,0,0,0,1,0,0,0,0,0,1,0,1,0,0,1,0,1,0,1,55.4,Medium Risk
0952-KMEEH,0,13,98.15,1230.25,1,0,0,1,0,1,1,0,0,1,0,0,0,0,0,0,0,1,0,1,0,0,0,0,0,1,1,55.4,Medium Risk
0988-JRWWP,0,3,54.2,140.4,0,0,0,1,0,0,0,0,0,0,0,0,0,0,0,0,0,1,0,0,0,0,1,0,1,0,0,55.3,Medium Risk
7855-DIWPO,0,21,68.65,1493.2,0,0,0,1,0,0,1,0,0,0,0,0,0,0,0,0,0,0,0,0,0,0,1,0,1,0,0,55.2,Medium Risk
3966-HRMZA,1,3,75.05,202.9,0,0,0,1,0,0,1,0,0,0,0,0,0,1,0,0,0,0,0,0,0,0,0,0,0,1,0,55.1,Medium Risk
4581-LNWUM,0,13,49.15,649.4,0,0,0,0,1,0,0,0,0,0,0,0,0,1,0,0,0,1,0,1,0,0,0,0,1,0,0,55.1,Medium Risk
4360-PNRQB,0,18,75.6,1395.05,1,0,0,1,0,1,1,0,0,0,0,0,0,0,0,0,0,0,0,0,0,0,1,0,0,0,0,55.0,Medium Risk
3312-UUMZW,0,32,98.85,3145.9,1,1,0,1,0,1,1,0,0,0,0,1,0,0,0,0,0,1,0,1,0,0,1,1,0,0,0,55.0,Medium Risk
9572-WUKSB,0,3,29.9,92.25,1,1,0,0,1,0,0,0,0,0,0,0,0,0,0,1,0,0,0,0,0,0,1,0,1,0,0,54.9,Medium Risk
9779-DPNEJ,0,22,80.15,1790.65,0,1,1,1,0,0,1,0,0,0,0,0,0,0,0,0,0,0,0,1,0,0,1,0,1,0,0,54.9,Medium Risk
2309-OSFEU,0,10,33.9,298.45,1,0,0,0,1,0,0,0,0,0,0,0,0,0,0,0,0,0,0,1,0,0,1,0,0,1,1,54.7,Medium Risk
7603-USHJS,0,12,73.75,871.4,1,0,1,1,0,1,1,0,0,0,0,0,0,0,0,0,0,0,0,0,0,0,1,1,0,0,1,54.6,Medium Risk
1965-DDBWU,0,16,89.05,1448.6,1,0,0,1,0,1,1,0,0,0,0,0,0,0,0,1,0,0,0,1,0,0,1,1,0,0,1,54.4,Medium Risk
8778-LMWTJ,0,9,74.85,708.2,0,0,0,1,0,0,1,0,0,1,0,0,0,0,0,0,0,0,0,0,0,0,1,0,1,0,0,54.3,Medium Risk
9638-JIQYA,0,2,24.9,49.7,1,0,0,0,1,0,0,0,0,0,0,0,0,0,0,0,0,0,0,0,0,0,1,1,0,0,0,54.3,Medium Risk
1522-VVDMG,0,7,89.75,608.8,1,1,1,1,0,0,1,0,0,0,0,1,0,0,0,1,0,1,0,0,0,0,1,0,1,0,1,54.2,Medium Risk
9465-RWMXL,0,32,78.9,2447.95,1,1,0,1,0,1,1,0,0,0,0,0,0,1,0,0,0,0,0,0,0,0,1,0,1,0,1,53.8,Medium Risk
0876-WDUUZ,0,5,85.4,425.9,0,0,0,1,0,0,1,0,0,0,0,0,0,0,0,1,0,0,0,1,0,0,1,1,0,0,1,53.8,Medium Risk
2501-XWWTZ,0,11,70.2,760.05,1,0,0,1,0,0,1,0,0,0,0,0,0,0,0,0,0,0,0,0,0,0,0,0,1,0,0,53.8,Medium Risk
7056-IMHCC,1,53,101.9,5549.4,1,1,0,1,0,1,1,0,0,0,0,1,0,0,0,0,0,1,0,1,0,0,1,0,1,0,1,53.8,Medium Risk
2919-HBCJO,0,4,76.65,333.6,0,0,0,1,0,0,1,0,0,0,0,1,0,0,0,0,0,0,0,0,0,0,1,0,0,0,1,53.7,Medium Risk
5760-FXFVO,0,6,78.95,494.95,1,0,0,1,0,0,1,0,0,1,0,1,0,0,0,0,0,0,0,0,0,0,1,0,1,0,0,53.7,Medium Risk
8938-UMKPI,0,47,106.4,5127.95,0,0,0,1,0,1,1,0,0,0,0,1,0,1,0,0,0,1,0,1,0,0,1,0,1,0,1,53.6,Medium Risk
9283-LZQOH,0,13,74.4,896.75,1,1,1,1,0,1,1,0,0,0,0,0,0,0,0,0,0,0,0,0,0,0,1,1,0,0,1,53.5,Medium Risk
3717-OEAUQ,0,2,70.7,129.2,1,0,0,1,0,0,1,0,0,0,0,0,0,0,0,0,0,0,0,0,0,0,0,0,0,1,0,53.5,Medium Risk
8993-PHFWD,0,3,25.25,58.9,0,0,0,0,1,0,0,0,0,0,0,0,0,0,0,0,0,0,0,0,0,0,0,0,1,0,1,53.4,Medium Risk
0082-OQIQY,0,29,94.2,2607.6,1,0,0,1,0,0,1,0,0,0,0,0,0,0,0,1,0,1,0,1,0,0,1,0,1,0,0,53.3,Medium Risk
8445-DNBAE,0,1,50.05,50.05,1,0,1,1,0,1,0,0,0,0,0,0,0,0,0,0,0,0,0,0,0,0,1,0,1,0,0,53.2,Medium Risk
6557-BZXLQ,1,16,69.65,1043.3,1,0,0,1,0,0,1,0,0,0,0,0,0,0,0,0,0,0,0,0,0,0,0,0,1,0,0,53.1,Medium Risk
7018-WBJNK,0,13,78.3,1033.95,1,0,1,1,0,0,1,0,0,0,0,0,0,0,0,0,0,1,0,0,0,0,1,1,0,0,0,53.0,Medium Risk
6284-AHOOQ,1,22,90.5,1910.6,1,0,0,1,0,1,1,0,0,0,0,0,0,0,0,1,0,1,0,0,0,0,1,0,0,0,1,52.8,Medium Risk
5226-NOZFC,0,26,85.75,2146.5,1,0,0,1,0,0,1,0,0,0,0,1,0,0,0,0,0,1,0,0,0,0,1,0,1,0,0,52.7,Medium Risk
0778-NELLA,0,9,34.7,296.1,1,0,0,0,1,0,0,0,0,0,0,0,0,0,0,0,0,1,0,0,0,0,1,1,0,0,1,52.6,Medium Risk
9747-DDZOS,0,1,73.5,73.5,0,0,0,1,0,0,1,0,0,0,0,0,0,1,0,0,0,0,0,0,0,0,0,0,0,0,1,52.6,Medium Risk
6834-NXDCA,0,13,23.9,300.8,0,0,0,0,1,0,0,0,0,0,0,0,0,0,0,0,0,0,0,0,0,0,1,0,1,0,1,52.5,Medium Risk
2800-QQUSO,0,42,100.3,4222.95,1,0,0,1,0,1,1,0,0,0,0,0,0,0,0,1,0,1,0,1,0,0,1,0,1,0,0,52.4,Medium Risk
3312-ZWLGF,1,29,79.3,2414.55,1,1,0,1,0,1,1,0,0,0,0,0,0,0,0,1,0,0,0,0,0,0,1,0,1,0,0,52.3,Medium Risk
9048-JVYVF,0,3,69.35,191.35,1,0,0,1,0,0,0,0,0,0,0,0,0,0,0,1,0,1,0,1,0,0,1,0,1,0,1,52.3,Medium Risk
8714-EUHJO,0,31,91.15,2995.45,0,1,1,1,0,1,1,0,0,0,0,1,0,0,0,0,0,0,0,1,0,0,1,0,1,0,1,52.3,Medium Risk
2203-GHNWN,0,24,79.65,1928.7,0,1,0,1,0,1,1,0,0,0,0,0,0,1,0,0,0,0,0,0,0,0,1,0,0,1,0,52.1,Medium Risk
5606-AMZBO,0,10,78.15,765.15,0,1,0,1,0,1,1,0,0,1,0,0,0,0,0,0,0,0,0,0,0,0,1,1,0,0,0,52.0,Medium Risk
0682-USIXD,0,21,86.05,1818.9,0,1,0,1,0,0,1,0,0,0,0,0,0,0,0,1,0,1,0,0,0,0,1,0,1,0,0,52.0,Medium Risk
4846-WHAFZ,1,37,76.5,2868.15,0,1,0,1,0,1,1,0,0,0,0,0,0,0,0,0,0,0,0,0,0,0,1,0,1,0,1,51.9,Medium Risk
9907-SWKKF,1,1,25.05,25.05,0,0,0,0,1,0,0,0,0,0,0,0,0,0,0,0,0,0,0,0,0,0,0,0,0,1,1,51.8,Medium Risk
6166-ILMNY,0,2,69.75,144.55,0,0,0,1,0,0,1,0,0,0,0,0,0,0,0,0,0,0,0,0,0,0,0,0,0,0,1,51.8,Medium Risk
4512-ZUIYL,0,2,70.0,153.05,0,0,0,1,0,0,1,0,0,0,0,0,0,0,0,0,0,0,0,0,0,0,0,0,0,0,1,51.7,Medium Risk
9851-KIELU,0,10,110.1,1043.3,1,0,0,1,0,0,1,0,0,1,0,1,0,1,0,1,0,1,0,1,0,0,1,0,1,0,1,51.6,Medium Risk
8696-JKZNU,1,37,76.25,2841.55,0,0,0,1,0,1,1,0,0,0,0,0,0,0,0,0,0,0,0,0,0,0,1,0,1,0,1,51.4,Medium Risk
5373-SFODM,1,36,85.25,3132.75,1,1,0,1,0,1,1,0,0,0,0,0,0,0,0,0,0,0,0,1,0,0,1,1,0,0,1,51.3,Medium Risk
0963-ZBDRN,0,32,96.2,3183.4,1,0,0,1,0,0,1,0,0,0,0,0,0,0,0,1,0,1,0,1,0,0,1,0,1,0,1,51.3,Medium Risk
1902-XBTFB,0,22,89.4,2001.5,1,0,1,1,0,0,1,0,0,0,0,1,0,1,0,0,0,1,0,0,0,0,1,0,1,0,1,51.2,Medium Risk
7587-RZNME,0,3,43.3,123.65,1,0,0,1,0,0,0,0,0,0,0,0,0,0,0,0,0,0,0,0,0,0,1,0,1,0,1,51.0,Medium Risk
8059-UDZFY,1,33,105.35,3465.05,0,0,1,1,0,1,1,0,0,0,0,1,0,1,0,0,0,1,0,1,0,0,1,0,0,0,0,51.0,Medium Risk
9643-AVVWI,0,3,80.0,241.3,0,1,1,1,0,0,1,0,0,0,0,1,0,0,0,1,0,0,0,0,0,0,1,0,1,0,0,50.9,Medium Risk
6331-LWDTQ,0,10,72.15,794.25,1,0,0,1,0,1,0,0,0,0,0,0,0,0,0,0,0,1,0,1,0,0,1,1,0,0,1,50.8,Medium Risk
6651-AZVTJ,0,49,99.8,4872.45,1,1,1,1,0,1,1,0,0,0,0,0,0,1,0,0,0,1,0,1,0,0,1,0,1,0,1,50.8,Medium Risk
2386-LAHRK,0,1,53.5,53.5,1,0,0,1,0,0,0,0,0,0,0,0,0,0,0,0,0,1,0,0,0,0,1,0,0,1,1,50.8,Medium Risk
6034-YMTOB,0,5,75.65,399.45,0,0,0,1,0,0,1,0,0,0,0,0,0,0,0,1,0,0,0,0,0,0,1,0,0,1,0,50.7,Medium Risk
6661-HBGWL,1,42,104.75,4323.45,0,0,0,1,0,1,1,0,0,0,0,1,0,1,0,0,0,1,0,1,0,0,1,0,0,0,1,50.7,Medium Risk
8903-XEBGX,0,2,55.3,108.65,1,0,1,1,0,0,0,0,0,0,0,0,0,0,0,0,0,0,0,1,0,0,1,0,1,0,0,50.5,Medium Risk
4658-HCOHW,0,21,102.8,2110.15,0,1,1,1,0,0,1,0,0,0,0,1,0,1,0,1,0,1,0,1,0,0,1,0,1,0,1,50.5,Medium Risk
5281-BUZGT,1,36,90.85,3186.7,1,0,0,1,0,1,1,0,0,1,0,0,0,0,0,0,0,1,0,0,0,0,1,0,1,0,1,50.4,Medium Risk
5650-YLIBA,0,31,81.15,2640.55,1,0,0,1,0,1,1,0,0,0,0,1,0,0,0,0,0,0,0,0,0,0,1,0,1,0,0,50.4,Medium Risk
6608-QQLVK,0,1,50.5,50.5,1,0,0,1,0,0,0,0,0,0,0,0,0,1,0,0,0,0,0,0,0,0,1,0,1,0,1,50.4,Medium Risk
7279-BUYWN,1,41,113.2,4689.5,0,0,0,1,0,1,1,0,0,1,0,1,0,1,0,0,0,1,0,1,0,0,1,0,1,0,1,50.3,Medium Risk
2694-CIUMO,0,12,79.55,958.25,0,0,0,1,0,1,1,0,0,0,0,0,0,0,0,1,0,0,0,0,0,0,1,1,0,0,0,50.2,Medium Risk
8914-RBTSB,0,31,93.8,3019.5,1,1,0,1,0,1,1,0,0,0,0,1,0,1,0,0,0,1,0,0,0,0,0,0,1,0,1,50.2,Medium Risk
7851-FLGGQ,0,1,44.65,44.65,1,0,0,0,1,0,0,0,0,0,0,1,0,0,0,1,0,0,0,1,0,0,1,0,0,1,1,50.2,Medium Risk
9944-AEXBM,0,32,85.65,2664.3,1,0,0,1,0,1,1,0,0,0,0,0,0,0,0,0,0,0,0,1,0,0,1,0,0,0,0,50.1,Medium Risk
4947-DSMXK,0,34,97.7,3410.0,1,1,1,1,0,1,1,0,0,0,0,1,0,0,0,0,0,1,0,1,0,0,1,0,0,0,0,50.0,Medium Risk
4154-AQUGT,1,13,89.05,1169.35,1,1,0,1,0,0,1,0,0,0,0,1,0,0,0,1,0,0,0,1,0,0,1,0,0,0,1,50.0,Medium Risk
1100-DDVRV,0,17,49.8,836.35,1,1,0,0,1,0,0,0,0,0,0,1,0,0,0,0,0,1,0,1,0,0,1,0,0,1,0,49.9,Medium Risk
6481-ESCNL,0,29,100.55,2878.75,0,0,0,1,0,1,1,0,0,0,0,0,0,1,0,0,0,1,0,1,0,0,0,0,0,0,0,49.9,Medium Risk
2955-BJZHG,0,17,80.85,1400.85,1,1,1,1,0,0,1,0,0,0,0,0,0,0,0,0,0,1,0,0,0,0,0,0,1,0,1,49.8,Medium Risk
8212-DJRCH,0,5,90.35,434.5,1,1,1,1,0,0,1,0,0,1,0,0,0,1,0,0,0,0,0,1,0,0,1,0,0,1,0,49.7,Medium Risk
9450-TRJUU,0,35,83.15,2848.45,1,0,0,1,0,1,1,0,0,0,0,0,0,0,0,0,0,1,0,0,0,0,0,0,1,0,0,49.6,Medium Risk
8849-AYPTR,0,33,91.25,2964.05,1,1,0,1,0,0,1,0,0,0,0,0,0,0,0,0,0,1,0,1,0,0,0,0,1,0,0,49.4,Medium Risk
5022-JNQEQ,0,9,75.85,647.5,0,1,1,1,0,0,1,0,0,0,0,0,0,0,0,1,0,0,0,0,0,0,1,0,1,0,0,49.4,Medium Risk
7181-OQCUT,0,21,103.85,2215.0,1,0,0,1,0,1,1,0,0,1,0,0,0,1,0,0,0,1,0,1,0,0,0,0,0,1,0,49.3,Medium Risk
0256-LTHVJ,0,28,81.05,2227.1,0,1,1,1,0,0,1,0,0,0,0,0,0,0,0,0,0,0,0,1,0,0,1,0,1,0,1,49.1,Medium Risk
9979-RGMZT,0,7,94.05,633.45,0,0,0,1,0,0,1,0,0,0,0,1,0,0,0,0,0,1,0,1,1,0,1,0,0,1,0,49.1,Medium Risk
7503-QQRVF,1,16,74.3,1178.25,1,1,0,1,0,0,1,0,0,0,0,1,0,0,0,0,0,0,0,0,0,0,1,1,0,0,1,49.1,Medium Risk
3587-PMCOY,0,10,98.9,1064.95,1,0,0,1,0,0,1,0,0,1,0,0,0,1,0,0,0,1,0,1,1,0,1,0,1,0,0,48.9,Medium Risk
1452-KIOVK,0,22,89.1,1949.4,1,0,1,1,0,1,1,0,0,0,0,1,0,0,0,0,0,1,0,0,0,0,1,1,0,0,0,48.9,Medium Risk
6704-UTUKK,0,29,45.9,1332.4,1,1,0,0,1,0,0,0,0,0,0,0,0,0,0,0,0,1,0,1,0,0,1,0,1,0,0,48.9,Medium Risk
2971-SGAFL,0,13,78.75,995.35,0,0,0,1,0,1,0,0,0,1,0,0,0,1,0,0,0,1,0,1,0,0,1,0,1,0,0,48.9,Medium Risk
5759-RCVCB,0,3,35.2,108.95,0,0,0,0,1,0,0,0,0,0,0,0,0,0,0,0,0,1,0,0,0,0,0,1,0,0,1,48.9,Medium Risk
4248-QPAVC,1,17,85.35,1463.45,0,1,0,1,0,1,1,0,0,1,0,0,0,1,0,0,0,0,0,0,0,0,1,0,0,0,1,48.8,Medium Risk
3334-CTHOL,0,1,49.95,49.95,0,0,0,1,0,1,0,0,0,0,0,0,0,0,0,0,0,0,0,0,0,0,1,0,0,0,1,48.8,Medium Risk
3094-JOJAI,0,18,74.15,1387.0,1,0,0,1,0,1,1,0,0,0,0,0,0,0,0,0,0,0,0,0,0,0,0,0,0,1,0,48.8,Medium Risk
9508-ILZDG,1,34,96.35,3190.25,0,0,0,1,0,1,1,0,0,0,0,1,0,0,0,1,0,1,0,0,0,0,1,0,1,0,0,48.8,Medium Risk
6158-HDPXZ,0,1,25.35,25.35,1,0,0,0,1,0,0,0,0,0,0,0,0,0,0,0,0,0,0,0,0,0,0,0,0,1,0,48.6,Medium Risk
5016-IBERQ,0,23,84.25,1968.1,1,1,0,1,0,1,1,0,0,0,0,1,0,1,0,0,0,0,0,0,0,0,0,0,1,0,0,48.4,Medium Risk
8378-LKJAF,0,38,101.15,3956.7,1,1,1,1,0,1,1,0,0,0,0,0,0,1,0,0,0,1,0,1,0,0,1,1,0,0,0,48.1,Medium Risk
5889-JTMUL,1,50,95.05,4888.7,0,1,0,1,0,1,1,0,0,0,0,1,0,1,0,0,0,1,0,0,0,0,1,0,1,0,1,48.1,Medium Risk
9512-UIBFX,0,18,95.15,1779.95,1,1,1,1,0,0,1,0,0,0,0,0,0,1,0,0,0,1,0,1,0,0,0,0,0,1,1,48.0,Medium Risk
3932-CMDTD,0,4,105.65,443.9,0,0,0,1,0,0,1,0,0,0,0,1,0,1,0,1,0,1,0,1,1,0,1,0,1,0,1,47.9,Medium Risk
9752-ZNQUT,0,1,48.6,48.6,0,0,0,1,0,0,0,0,0,0,0,1,0,0,0,0,0,0,0,0,0,0,1,0,1,0,0,47.8,Medium Risk
1319-YLZJG,0,12,84.6,959.9,1,1,0,1,0,0,1,0,0,1,0,1,0,1,0,0,0,0,0,0,0,0,1,0,1,0,0,47.8,Medium Risk
1346-UFHAX,0,13,80.0,1029.35,0,0,0,1,0,1,1,0,0,1,0,0,0,0,0,0,0,0,0,0,0,0,1,1,0,0,0,47.7,Medium Risk
9420-LOJKX,0,15,99.1,1426.4,0,0,0,1,0,0,1,0,0,1,0,1,0,0,0,0,0,1,0,1,0,0,1,1,0,0,1,47.7,Medium Risk
2911-WDXMV,0,18,80.55,1406.65,1,0,1,1,0,1,1,0,0,0,0,0,0,1,0,0,0,0,0,0,0,0,1,1,0,0,0,47.7,Medium Risk
2782-LFZVW,0,11,58.95,601.6,0,0,0,1,0,1,0,0,0,0,0,0,0,0,0,0,0,0,0,1,0,0,1,0,0,1,0,47.5,Medium Risk
1035-IPQPU,1,63,103.5,6479.4,0,1,0,1,0,1,1,0,0,0,0,1,0,1,0,0,0,1,0,1,0,0,1,0,1,0,0,47.5,Medium Risk
6543-CPZMK,0,9,29.95,248.95,1,1,1,0,1,0,0,0,0,0,0,1,0,0,0,0,0,0,0,0,0,0,1,0,1,0,1,47.4,Medium Risk
6542-LWGXJ,0,3,25.0,78.25,1,1,0,0,1,0,0,0,0,0,0,0,0,0,0,0,0,0,0,0,0,0,0,0,0,1,0,47.2,Medium Risk
4317-VTEOA,0,1,50.75,50.75,1,0,0,1,0,0,0,0,0,0,0,1,0,0,0,0,0,0,0,0,0,0,1,0,1,0,1,46.8,Medium Risk
0599-XNYDO,0,20,69.8,1540.35,0,1,0,1,0,0,1,0,0,0,0,0,0,0,0,0,0,0,0,0,0,0,1,0,0,0,0,46.8,Medium Risk
6402-EJMWF,0,4,55.3,238.5,1,0,0,1,0,0,0,0,0,0,0,0,0,0,0,0,0,0,0,1,0,0,1,0,0,1,0,46.7,Medium Risk
7404-JLKQG,0,3,57.55,161.45,0,0,0,1,0,0,0,0,0,0,0,0,0,1,0,0,0,1,0,0,0,0,0,0,1,0,0,46.5,Medium Risk
9576-SYUHJ,0,37,91.15,3369.25,1,0,0,1,0,1,1,0,0,1,0,0,0,0,0,0,0,1,0,0,0,0,1,0,1,0,0,46.4,Medium Risk
9842-EFSYY,0,4,57.2,223.75,0,0,1,0,1,0,0,0,0,1,0,1,0,1,0,0,0,1,0,1,0,0,1,0,0,1,0,46.3,Medium Risk
5331-RGMTT,1,54,99.05,5295.7,1,1,0,1,0,1,1,0,0,0,0,0,0,1,0,0,0,1,0,1,0,0,1,1,0,0,0,46.3,Medium Risk
8601-QACRS,0,5,50.6,249.95,0,0,0,1,0,1,0,0,0,0,0,0,0,0,0,0,0,0,0,0,0,0,1,0,0,1,1,46.3,Medium Risk
5609-IMCGG,0,15,84.35,1302.65,0,0,0,1,0,1,1,0,0,1,0,0,0,1,0,0,0,0,0,0,0,0,1,1,0,0,0,46.2,Medium Risk
5129-JLPIS,0,25,105.5,2686.05,1,0,0,1,0,0,1,0,0,1,0,0,0,1,0,1,0,1,0,1,0,0,1,0,1,0,0,46.2,Medium Risk
2587-EKXTS,0,44,111.5,4915.15,1,0,0,1,0,1,1,0,0,1,0,1,0,1,0,0,0,1,0,1,0,0,1,0,1,0,0,46.1,Medium Risk
0430-IHCDJ,0,15,49.0,749.25,1,0,0,1,0,1,0,0,0,0,0,0,0,0,0,0,0,0,0,0,0,0,1,0,1,0,0,46.0,Medium Risk
2178-PMGCJ,0,22,69.7,1490.4,1,0,0,1,0,0,1,0,0,0,0,0,0,0,0,0,0,0,0,0,0,0,1,0,0,1,0,46.0,Medium Risk
8080-DDEMJ,1,1,45.1,45.1,1,0,0,1,0,0,0,0,0,0,0,0,0,0,0,0,0,0,0,0,0,0,0,0,1,0,1,46.0,Medium Risk
4706-DGAHW,1,1,45.2,45.2,1,0,0,1,0,0,0,0,0,0,0,0,0,0,0,0,0,0,0,0,0,0,0,0,1,0,0,45.9,Medium Risk
6729-GDNGC,1,20,80.7,1614.2,0,0,0,1,0,0,1,0,0,0,0,0,0,0,0,0,0,1,0,0,0,0,0,0,0,0,0,45.9,Medium Risk
3374-LXDEV,0,13,89.4,1132.35,0,0,0,1,0,1,1,0,0,0,0,1,0,1,0,1,0,0,0,0,0,0,0,0,1,0,1,45.7,Medium Risk
9278-VZKCD,1,52,109.1,5647.95,0,1,0,1,0,1,1,0,0,1,0,1,0,1,0,0,0,1,0,1,0,0,1,0,1,0,0,45.6,Medium Risk
6377-WHAOX,0,60,106.15,6411.25,0,1,0,1,0,1,1,0,0,0,0,1,0,1,0,0,0,1,0,1,0,0,1,0,1,0,0,45.3,Medium Risk
1833-TCXKK,0,45,107.75,4882.8,1,1,0,1,0,1,1,0,0,0,0,1,0,1,0,0,0,1,0,1,0,0,1,0,0,0,0,45.3,Medium Risk
2606-RMDHZ,0,6,30.5,208.7,1,0,0,0,1,0,0,0,0,0,0,1,0,0,0,0,0,0,0,0,0,0,1,1,0,0,1,45.3,Medium Risk
3540-RZJYU,0,15,86.2,1270.2,0,0,0,1,0,0,1,0,0,1,0,0,0,0,0,0,0,1,0,0,0,0,0,0,1,0,1,45.2,Medium Risk
1436-ZMJAN,0,10,67.8,653.15,0,1,0,1,0,0,0,0,0,0,0,0,0,1,0,0,0,1,0,1,0,0,1,1,0,0,0,45.2,Medium Risk
7460-ITWWP,1,45,86.1,3861.45,0,1,0,1,0,0,1,0,0,0,0,0,0,1,0,0,0,0,0,1,0,0,1,0,1,0,0,45.2,Medium Risk
2227-JRSJX,0,21,99.15,1956.4,0,0,0,1,0,0,1,0,0,0,0,1,0,0,0,1,0,1,0,1,0,0,1,0,0,0,0,45.2,Medium Risk
6048-QBXKL,1,2,56.55,118.25,0,0,0,1,0,1,0,0,0,0,0,1,0,0,0,0,0,0,0,0,0,0,1,1,0,0,0,45.1,Medium Risk
2277-DJJDL,1,60,99.0,6017.9,1,1,0,1,0,1,1,0,0,0,0,0,0,0,0,1,0,1,0,1,0,0,1,0,1,0,0,45.0,Medium Risk
3524-WQDSG,0,43,99.3,4209.95,0,1,1,1,0,1,1,0,0,0,0,0,0,1,0,0,0,1,0,1,0,0,1,0,0,0,0,44.9,Medium Risk
9927-DSWDF,0,22,104.6,2180.55,1,1,0,1,0,0,1,0,0,1,0,1,0,0,0,1,0,1,0,1,0,0,1,0,1,0,0,44.9,Medium Risk
8785-CJSHH,0,60,99.8,5985.75,0,1,0,1,0,1,1,0,0,0,0,1,0,0,0,0,0,1,0,1,0,0,1,0,1,0,0,44.9,Medium Risk
7129-ACFOG,0,5,53.8,283.95,0,0,0,1,0,1,0,0,0,1,0,0,0,0,0,0,0,0,0,0,0,0,1,0,1,0,0,44.9,Medium Risk
5828-AVIPD,0,19,100.95,1875.55,1,1,1,1,0,1,1,0,0,0,0,0,0,0,0,1,0,1,0,1,1,0,1,0,1,0,1,44.9,Medium Risk
4619-EVPHY,1,20,91.0,1859.5,0,1,0,1,0,0,1,0,0,0,0,0,0,0,0,0,0,1,0,1,1,0,1,0,0,0,0,44.8,Medium Risk
7663-RGWBC,0,1,44.15,44.15,1,0,0,1,0,0,0,0,0,0,0,0,0,0,0,0,0,0,0,0,0,0,1,0,0,1,1,44.7,Medium Risk
0096-BXERS,0,6,50.35,314.55,0,1,0,1,0,1,0,0,0,0,0,0,0,0,0,0,0,0,0,0,0,0,0,0,1,0,0,44.6,Medium Risk
5461-QKNTN,1,43,94.3,3953.15,1,1,0,1,0,1,1,0,0,0,0,1,0,0,0,1,0,1,0,0,0,0,1,0,1,0,0,44.5,Medium Risk
6022-UGGSO,1,32,74.4,2276.95,0,0,0,1,0,0,1,0,0,0,0,1,0,0,0,0,0,0,0,0,0,0,1,0,1,0,1,44.4,Medium Risk
8058-DMYRU,1,54,90.05,4931.8,1,0,0,1,0,1,1,0,0,0,0,1,0,0,0,0,0,0,0,1,0,0,1,0,1,0,0,44.4,Medium Risk
3331-HQDTW,0,34,109.8,3587.25,0,0,0,1,0,1,1,0,0,1,0,1,0,1,0,0,0,1,0,1,0,0,1,0,0,1,1,44.3,Medium Risk
9710-ZUSHQ,1,37,106.75,4056.75,0,0,0,1,0,1,1,0,0,1,0,1,0,0,0,0,0,1,0,1,0,0,1,0,0,0,1,44.3,Medium Risk
4570-QHXHL,0,9,43.75,405.7,0,0,0,1,0,0,0,0,0,0,0,0,0,0,0,0,0,0,0,0,0,0,1,0,1,0,0,44.1,Medium Risk
5351-QESIO,0,1,24.2,24.2,1,0,1,0,1,0,0,0,0,0,0,0,0,0,0,0,0,0,0,0,0,0,0,0,0,1,0,43.8,Medium Risk
3627-FHKBK,0,1,75.3,75.3,0,0,0,1,0,0,1,0,0,1,0,0,0,0,0,0,0,0,0,0,0,0,0,0,0,1,1,43.6,Medium Risk
5133-POWUA,0,1,45.8,45.8,1,0,0,1,0,0,0,0,0,0,0,0,0,0,0,0,0,0,0,0,0,0,1,0,0,1,0,43.5,Medium Risk
4237-RLAQD,0,1,45.85,45.85,1,0,0,1,0,0,0,0,0,0,0,0,0,0,0,0,0,0,0,0,0,0,1,0,0,1,1,43.5,Medium Risk
2432-TFSMK,0,18,89.6,1633.0,1,0,0,1,0,1,1,0,0,0,0,0,0,1,0,0,0,1,0,0,1,0,1,1,0,0,0,43.3,Medium Risk
5692-FPTAH,0,1,45.4,45.4,0,0,0,1,0,0,0,0,0,0,0,0,0,0,0,0,0,0,0,0,0,0,1,0,0,1,1,43.3,Medium Risk
1942-OQFRW,0,1,44.0,44.0,1,0,0,1,0,0,0,0,0,0,0,0,0,0,0,0,0,0,0,0,0,0,0,0,1,0,0,43.3,Medium Risk
3780-YVMFA,0,8,68.55,564.35,0,1,1,1,0,0,0,0,0,0,0,0,0,0,0,1,0,1,0,1,0,0,1,0,1,0,0,43.1,Medium Risk
9389-ACWBI,0,5,69.95,320.4,0,1,1,1,0,0,1,0,0,0,0,0,0,0,0,0,0,0,0,0,0,0,0,1,0,0,0,43.0,Medium Risk
2277-VWCNI,1,4,48.75,179.85,0,0,0,1,0,1,0,0,0,0,0,0,0,0,0,0,0,0,0,0,0,0,0,0,0,1,0,43.0,Medium Risk
6946-LMSQS,1,25,89.05,2177.45,1,1,0,1,0,1,1,0,0,1,0,0,0,0,0,0,0,0,0,1,1,0,1,0,1,0,1,42.9,Medium Risk
4993-JCRGJ,0,26,84.3,2281.6,1,0,0,1,0,1,1,0,0,0,0,0,0,1,0,1,0,0,0,0,0,0,1,0,0,1,0,42.6,Medium Risk
5651-YLPRD,0,32,86.1,2723.75,0,1,1,1,0,0,1,0,0,0,0,1,0,0,0,0,0,1,0,0,0,0,1,0,1,0,0,42.5,Medium Risk
3466-RITXD,0,26,92.4,2349.8,1,0,0,1,0,1,1,0,0,1,0,1,0,0,0,0,0,1,0,0,0,0,1,1,0,0,0,42.5,Medium Risk
9369-XFEHK,1,33,80.6,2656.5,0,1,0,1,0,1,1,0,0,0,0,1,0,0,0,0,0,0,0,0,0,0,1,0,0,0,1,42.5,Medium Risk
9286-DOJGF,1,38,74.95,2869.85,0,1,0,1,0,1,1,0,0,0,0,0,0,0,0,0,0,0,0,0,0,0,1,0,0,0,1,42.3,Medium Risk
3197-ARFOY,1,19,105.0,2007.25,0,0,0,1,0,0,1,0,0,1,0,1,0,0,0,1,0,1,0,1,0,0,1,0,0,1,0,42.3,Medium Risk
2988-PLAHS,0,3,69.95,220.45,0,0,0,1,0,0,0,0,0,0,0,0,0,1,0,0,0,1,0,1,1,0,1,0,1,0,0,42.2,Medium Risk
8280-MQRQN,0,1,50.45,50.45,0,0,0,1,0,0,0,0,0,0,0,0,0,1,0,0,0,0,0,0,0,0,1,0,0,1,1,42.2,Medium Risk
1261-FWTTE,1,23,34.65,768.45,1,0,0,0,1,0,0,0,0,0,0,0,0,0,0,0,0,0,0,1,0,0,1,0,0,0,0,42.1,Medium Risk
7504-UWHNB,0,25,69.75,1729.35,1,0,0,1,0,0,1,0,0,0,0,0,0,0,0,0,0,0,0,0,0,0,0,0,1,0,0,42.0,Medium Risk
6317-YPKDH,0,1,29.95,29.95,0,0,0,0,1,0,0,0,0,0,0,1,0,0,0,0,0,0,0,0,0,0,0,0,0,0,1,42.0,Medium Risk
4840-ORQXB,1,56,104.75,5841.35,0,0,0,1,0,1,1,0,0,0,0,1,0,1,0,0,0,1,0,1,0,0,0,0,1,0,0,42.0,Medium Risk
1536-HBSWP,0,1,49.9,49.9,0,0,0,1,0,0,0,0,0,0,0,0,0,0,0,1,0,0,0,0,0,0,1,0,1,0,0,42.0,Medium Risk
1310-QRITU,0,18,50.3,913.3,0,0,0,1,0,1,0,0,0,0,0,0,0,0,0,0,0,0,0,0,0,0,1,0,1,0,0,41.7,Medium Risk
3891-PUQOD,0,1,59.2,59.2,0,0,1,1,0,0,0,0,0,0,0,0,0,1,0,0,0,0,0,1,0,0,0,0,1,0,1,41.6,Medium Risk
7277-OZCGZ,0,22,89.05,1886.25,0,0,0,1,0,0,1,0,0,1,0,0,0,0,0,1,0,0,0,1,0,0,1,0,1,0,0,41.5,Medium Risk
4905-JEFDW,0,11,41.6,470.6,1,0,0,0,1,0,0,0,0,0,0,0,0,1,0,0,0,1,0,0,1,0,1,0,1,0,1,41.5,Medium Risk
6711-VTNRE,0,36,87.55,3078.1,0,0,0,1,0,0,1,0,0,0,0,0,0,1,0,1,0,0,0,1,0,0,1,0,1,0,1,41.4,Medium Risk
4660-IRIBM,0,18,87.9,1500.5,1,1,1,1,0,0,1,0,0,1,0,0,0,1,0,0,0,1,0,0,0,0,1,0,0,1,0,41.4,Medium Risk
7529-ZDFXI,1,57,89.85,4925.35,1,1,0,1,0,1,1,0,0,0,0,1,0,0,0,0,0,0,0,1,0,0,1,0,1,0,0,41.4,Medium Risk
0322-CHQRU,0,2,45.35,89.5,1,0,0,1,0,0,0,0,0,0,0,0,0,0,0,0,0,0,0,0,0,0,0,0,1,0,1,41.3,Medium Risk
0410-IPFTY,0,31,83.85,2674.15,0,1,0,1,0,0,1,0,0,0,0,1,0,0,0,0,0,0,0,1,0,0,1,0,0,0,0,41.3,Medium Risk
8158-WPEZG,0,11,35.65,425.1,1,0,0,0,1,0,0,0,0,0,0,1,0,0,0,1,0,0,0,0,0,0,1,0,1,0,0,41.2,Medium Risk
6825-UYPFK,0,23,75.6,1758.6,0,0,0,1,0,1,1,0,0,0,0,0,0,0,0,0,0,0,0,0,0,0,0,0,0,0,1,41.1,Medium Risk
6080-TCMYC,0,40,81.2,3292.3,1,1,1,1,0,1,1,0,0,0,0,0,0,1,0,0,0,0,0,0,0,0,1,0,1,0,0,41.1,Medium Risk
0365-GXEZS,0,18,78.2,1468.75,1,1,0,1,0,0,1,0,0,0,0,0,0,1,0,1,0,0,0,0,0,0,0,0,1,0,0,40.8,Medium Risk
3569-EDBPQ,0,24,84.35,1938.05,0,0,0,1,0,1,1,0,0,1,0,0,0,0,0,1,0,0,0,0,0,0,1,0,1,0,0,40.7,Medium Risk
1816-FLZDK,0,1,29.15,29.15,1,0,0,0,1,0,0,0,0,0,0,0,0,0,0,1,0,0,0,0,0,0,0,0,0,1,0,40.3,Medium Risk
4678-DVQEO,0,1,52.2,52.2,0,0,0,1,0,0,0,0,0,0,0,0,0,0,0,1,0,0,0,0,0,0,1,0,1,0,1,40.3,Medium Risk
3237-AJGEH,0,3,31.0,95.05,0,1,1,0,1,0,0,0,0,0,0,0,0,0,0,1,0,0,0,0,0,0,1,0,0,1,1,40.3,Medium Risk
4760-THGOT,0,43,94.1,4107.3,0,1,0,1,0,1,1,0,0,1,0,1,0,0,0,0,0,0,0,1,0,0,1,0,1,0,0,40.2,Medium Risk
5301-GAUUY,0,32,80.35,2596.15,1,0,0,1,0,1,1,0,0,0,0,1,0,0,0,0,0,0,0,0,0,0,1,0,0,0,1,40.1,Medium Risk
4526-ZJJTM,1,25,88.4,2191.15,0,1,0,1,0,0,1,0,0,0,0,1,0,1,0,0,0,0,0,1,0,0,0,0,0,0,0,39.8,Low Risk
0015-UOCOJ,1,7,48.2,340.35,0,0,0,1,0,0,0,0,0,1,0,0,0,0,0,0,0,0,0,0,0,0,1,0,1,0,0,39.8,Low Risk
5419-KLXBN,0,25,89.15,2257.75,0,1,1,1,0,0,1,0,0,0,0,1,0,1,0,0,0,1,0,0,0,0,1,0,0,0,1,39.6,Low Risk
2070-FNEXE,1,7,76.45,503.6,0,0,0,1,0,0,1,0,0,1,0,0,0,0,0,0,0,0,0,0,0,0,0,0,0,0,1,39.4,Low Risk
4690-LLKUA,1,17,45.05,770.6,1,0,0,1,0,0,0,0,0,0,0,0,0,0,0,0,0,0,0,0,0,0,1,0,1,0,1,39.4,Low Risk
9381-NDKME,1,24,40.65,933.3,0,1,0,0,1,0,0,0,0,0,0,0,0,1,0,0,0,0,0,1,0,0,1,1,0,0,1,39.3,Low Risk
2960-NKRSO,0,24,85.95,2107.15,1,0,0,1,0,0,1,0,0,0,0,1,0,1,0,1,0,0,0,0,0,0,1,0,1,0,0,39.1,Low Risk
2720-FVBQP,0,6,48.95,273.25,0,1,1,1,0,1,0,0,0,0,0,0,0,0,0,0,0,0,0,0,0,0,1,1,0,0,0,38.8,Low Risk
0310-MVLET,0,61,99.15,6010.05,0,1,1,1,0,1,1,0,0,0,0,1,0,0,0,0,0,1,0,1,0,0,1,0,1,0,1,38.8,Low Risk
8988-ECPJR,1,34,79.6,2718.3,0,1,1,1,0,1,1,0,0,0,0,1,0,0,0,0,0,0,0,0,0,0,1,0,0,1,1,38.7,Low Risk
9992-UJOEL,0,2,50.3,92.75,1,0,0,1,0,0,0,0,0,0,0,1,0,0,0,0,0,0,0,0,0,0,1,0,0,1,0,38.6,Low Risk
0531-ZZJWQ,1,55,74.0,4052.4,1,1,0,1,0,1,1,0,0,0,0,0,0,0,0,0,0,0,0,0,0,0,1,0,1,0,0,38.6,Low Risk
6429-SHBCB,0,19,69.6,1394.55,1,0,0,1,0,1,0,0,0,0,0,0,0,0,0,0,0,1,0,1,0,0,0,0,0,1,0,38.5,Low Risk
2604-IJPDU,0,20,96.55,1901.65,0,1,0,1,0,0,1,0,0,1,0,1,0,0,0,1,0,1,0,0,0,0,1,0,1,0,0,38.5,Low Risk
6128-AQBMT,1,41,53.95,2215.4,1,1,0,0,1,0,0,0,0,0,0,1,0,1,0,0,0,1,0,1,0,0,1,0,1,0,0,38.5,Low Risk
0730-KOAVE,0,30,94.3,2679.7,1,0,0,1,0,1,1,0,0,1,0,1,0,0,0,0,0,0,0,1,0,0,1,1,0,0,0,38.1,Low Risk
3787-TRIAL,0,21,26.05,565.75,1,1,1,0,1,0,0,0,0,0,0,0,0,0,0,0,0,0,0,0,0,0,1,0,1,0,0,38.0,Low Risk
7876-BEUTG,0,15,48.8,720.1,0,0,0,1,0,1,0,0,0,0,0,0,0,0,0,0,0,0,0,0,0,0,1,0,0,1,0,38.0,Low Risk
4829-AUOAX,0,46,96.05,4399.5,0,0,0,1,0,1,1,0,0,0,0,0,0,0,0,0,0,1,0,1,0,0,0,0,0,0,1,37.9,Low Risk
6304-IJFSQ,0,3,49.9,130.1,1,0,0,1,0,0,0,0,0,0,0,1,0,0,0,0,0,0,0,0,0,0,1,0,0,1,1,37.9,Low Risk
1471-GIQKQ,0,1,49.95,49.95,0,0,0,1,0,0,0,0,0,0,0,1,0,0,0,0,0,0,0,0,0,0,0,0,1,0,0,37.8,Low Risk
5213-TWWJU,0,28,91.0,2626.15,1,0,0,1,0,0,1,0,0,0,0,0,0,1,0,1,0,0,0,1,0,0,0,0,1,0,0,37.7,Low Risk
4329-YPDDQ,0,20,108.2,2203.7,1,0,0,1,0,0,1,0,0,1,0,1,0,1,0,1,0,1,0,1,0,0,1,0,0,0,0,37.7,Low Risk
4208-UFFGW,1,2,44.95,85.15,1,0,0,1,0,0,0,0,0,0,0,0,0,0,0,0,0,0,0,0,0,0,0,0,0,1,1,37.7,Low Risk
6710-HSJRD,0,61,114.1,7132.15,1,1,0,1,0,1,1,0,0,0,0,1,0,1,0,1,0,1,0,1,0,0,1,0,1,0,0,37.3,Low Risk
0422-UXFAP,0,51,98.85,4947.55,0,1,0,1,0,1,1,0,0,0,0,0,0,1,0,0,0,1,0,1,1,0,1,0,1,0,0,37.2,Low Risk
6845-RGTYS,0,47,98.75,4533.7,0,1,0,1,0,1,1,0,0,1,0,1,0,1,0,0,0,1,0,0,0,0,1,0,1,0,1,37.0,Low Risk
0363-QJVFX,0,32,108.15,3432.9,1,0,0,1,0,1,1,0,0,1,0,1,0,0,0,1,0,1,0,1,0,0,1,1,0,0,1,37.0,Low Risk
2139-FQHLM,0,19,89.95,1682.4,1,0,0,1,0,0,1,0,0,0,0,0,0,1,0,1,0,1,0,0,0,0,0,0,0,1,0,36.9,Low Risk
9812-GHVRI,0,40,83.85,3532.25,0,0,0,1,0,1,1,0,0,0,0,0,0,0,0,0,0,0,0,1,0,0,0,0,0,0,0,36.8,Low Risk
4223-WOZCM,1,2,49.95,107.1,1,0,0,1,0,0,0,0,0,0,0,0,0,1,0,0,0,0,0,0,0,0,0,0,0,1,0,36.8,Low Risk
2452-KDRRH,1,67,101.4,6841.05,1,0,0,1,0,1,1,0,0,0,0,0,0,1,0,0,0,1,0,1,0,0,1,1,0,0,0,36.7,Low Risk
3658-KIBGF,0,1,54.9,54.9,0,0,0,1,0,0,0,0,0,1,0,1,0,0,0,0,0,0,0,0,0,0,1,0,1,0,1,36.6,Low Risk
4226-KKDON,0,8,66.65,520.95,1,0,0,1,0,0,0,0,0,0,0,1,0,0,0,1,0,1,0,0,0,0,1,0,1,0,0,36.5,Low Risk
5934-TSSAU,0,23,75.3,1702.9,0,1,1,1,0,0,1,0,0,0,0,0,0,1,0,0,0,0,0,0,0,0,1,1,0,0,0,36.4,Low Risk
1559-DTODC,0,19,25.15,468.35,1,0,0,0,1,0,0,0,0,0,0,0,0,0,0,0,0,0,0,0,0,0,1,0,0,0,0,36.3,Low Risk
9112-WSNPU,1,35,70.55,2419.0,0,0,0,1,0,0,1,0,0,0,0,0,0,0,0,0,0,0,0,0,0,0,0,0,1,0,0,36.1,Low Risk
0265-PSUAE,0,16,100.7,1522.7,0,1,1,1,0,0,1,0,0,1,0,0,0,1,0,0,0,1,0,1,0,0,0,0,0,0,0,36.0,Low Risk
1465-LNTLJ,1,8,64.4,581.7,1,1,0,1,0,0,0,0,0,0,0,0,0,1,0,1,0,0,0,1,0,0,1,1,0,0,0,35.8,Low Risk
1357-BIJKI,0,50,98.25,4858.7,1,1,0,1,0,1,1,0,0,0,0,1,0,0,0,0,0,1,0,1,1,0,1,0,1,0,0,35.7,Low Risk
6227-HWPWX,0,15,69.0,994.8,0,0,1,1,0,0,1,0,0,0,0,0,0,0,0,0,0,0,0,0,0,0,0,0,0,0,1,35.6,Low Risk
2101-RANCD,0,55,73.1,4144.9,0,0,0,1,0,1,1,0,0,0,0,0,0,0,0,0,0,0,0,0,0,0,1,0,1,0,0,35.4,Low Risk
4323-SADQS,0,7,34.5,279.25,1,1,1,0,1,0,0,0,0,1,0,0,0,0,0,1,0,0,0,0,0,0,1,0,1,0,1,35.4,Low Risk
6173-GOLSU,1,67,94.65,6079.0,1,1,0,1,0,1,1,0,0,0,0,0,0,0,0,0,0,1,0,1,0,0,1,1,0,0,0,35.4,Low Risk
8623-ULFNQ,1,26,66.05,1652.4,0,0,0,1,0,1,0,0,0,0,0,0,0,0,0,1,0,0,0,1,0,0,1,0,1,0,0,35.3,Low Risk
1205-WNWPJ,0,7,59.5,415.95,0,0,0,1,0,0,0,0,0,0,0,0,0,0,0,1,0,1,0,0,0,0,1,0,0,1,1,35.1,Low Risk
2672-OJQZP,0,1,44.75,44.75,0,0,0,1,0,0,0,0,0,0,0,0,0,0,0,0,0,0,0,0,0,0,0,0,0,1,0,34.9,Low Risk
2480-SQIOB,0,4,44.8,169.65,1,1,1,1,0,0,0,0,0,0,0,0,0,0,0,0,0,0,0,0,0,0,0,0,1,0,0,34.9,Low Risk
4067-HLYQI,0,33,70.4,2406.1,0,0,0,1,0,0,1,0,0,0,0,0,0,0,0,0,0,0,0,0,0,0,1,0,0,0,0,34.8,Low Risk
1587-FKLZB,1,66,99.5,6822.15,1,1,1,1,0,1,1,0,0,0,0,0,0,1,0,0,0,1,0,1,0,0,1,1,0,0,1,34.4,Low Risk
2386-OWURY,0,58,95.3,5817.7,0,0,0,1,0,0,1,0,0,0,0,0,0,0,0,1,0,1,0,1,0,0,1,0,1,0,0,34.1,Low Risk
7054-LGEQW,0,1,45.95,45.95,0,0,0,1,0,0,0,0,0,0,0,0,0,0,0,0,0,0,0,0,0,0,0,0,0,1,1,34.1,Low Risk
9819-FBNSV,1,37,72.25,2575.45,1,1,0,1,0,0,1,0,0,0,0,0,0,0,0,0,0,0,0,0,0,0,1,0,0,0,0,34.1,Low Risk
3173-NVMPX,0,9,55.3,501.2,0,1,1,1,0,1,0,0,0,0,0,1,0,0,0,0,0,0,0,0,0,0,1,0,0,1,0,33.9,Low Risk
3207-OYBWH,1,57,95.25,5427.05,1,1,0,1,0,1,1,0,0,0,0,1,0,1,0,0,0,0,0,1,0,0,1,0,0,0,1,33.8,Low Risk
2257-BOVXD,0,14,66.6,979.5,1,1,0,1,0,1,0,0,0,0,0,0,0,0,0,1,0,1,0,0,0,0,1,1,0,0,0,33.6,Low Risk
7669-LCRSD,0,12,56.3,628.65,1,1,1,1,0,0,0,0,0,0,0,0,0,0,0,0,0,1,0,0,0,0,1,0,0,1,0,33.6,Low Risk
9732-KPKBW,0,1,53.95,53.95,1,0,0,1,0,0,0,0,0,1,0,0,0,0,0,1,0,0,0,0,0,0,1,0,1,0,1,33.3,Low Risk
1895-QTKDO,0,1,43.95,43.95,0,0,0,1,0,0,0,0,0,0,0,0,0,0,0,0,0,0,0,0,0,0,0,1,0,0,0,33.0,Low Risk
3923-CSIHK,1,50,71.05,3444.85,0,1,0,1,0,0,1,0,0,0,0,0,0,0,0,0,0,0,0,0,0,0,1,0,1,0,1,32.8,Low Risk
1956-YIFGE,0,22,100.05,2090.25,1,1,1,1,0,0,1,0,0,0,0,1,0,1,0,0,0,1,0,1,1,0,1,0,0,1,0,32.8,Low Risk
4983-CLMLV,0,52,102.7,5138.1,0,1,0,1,0,1,1,0,0,0,0,1,0,0,0,1,0,1,0,1,0,0,1,1,0,0,0,32.8,Low Risk
1169-WCVAK,0,19,88.8,1672.35,1,1,0,1,0,1,1,0,0,1,0,1,0,0,0,1,0,0,0,0,0,0,1,1,0,0,0,32.8,Low Risk
7055-HNEOJ,0,3,55.8,154.55,1,1,0,1,0,0,0,0,0,0,0,0,0,1,0,1,0,0,0,0,0,0,1,0,0,1,0,32.5,Low Risk
2770-NSVDG,0,24,29.1,688.0,1,1,0,0,1,0,0,0,0,0,0,0,0,1,0,0,0,0,0,0,0,0,0,0,1,0,0,32.3,Low Risk
9079-YEXQJ,0,54,111.1,6014.85,0,0,0,1,0,1,1,0,0,0,0,1,0,1,0,1,0,1,0,1,0,0,0,0,1,0,1,32.3,Low Risk
9089-UOWJG,0,12,58.35,740.55,0,1,1,1,0,0,0,0,0,0,0,0,0,1,0,0,0,1,0,0,0,0,1,1,0,0,0,32.3,Low Risk
3466-WAESX,0,16,69.1,1083.7,1,0,1,1,0,1,0,0,0,1,0,1,0,0,0,0,0,0,0,1,0,0,1,0,1,0,0,32.2,Low Risk
1174-FGIFN,0,28,90.45,2509.25,0,1,1,1,0,1,1,0,0,0,0,0,0,0,0,1,0,0,0,1,1,0,1,0,1,0,0,32.2,Low Risk
6257-RJOHI,0,4,50.8,202.3,1,0,0,1,0,0,0,0,0,0,0,0,0,0,0,1,0,0,0,0,0,0,1,0,0,1,0,32.1,Low Risk
5575-TPIZQ,0,46,89.15,4245.55,1,0,0,1,0,1,1,0,0,1,0,0,0,0,0,0,0,1,0,0,0,0,1,1,0,0,0,32.0,Low Risk
8840-DQLGN,1,35,100.5,3653.35,0,1,0,1,0,1,1,0,0,1,0,1,0,0,0,1,0,1,0,0,0,0,1,0,0,0,1,32.0,Low Risk
6646-QVXLR,1,62,103.75,6383.35,1,1,0,1,0,1,1,0,0,0,0,1,0,1,0,0,0,1,0,1,1,0,1,0,1,0,1,31.9,Low Risk
9661-MHUMO,1,1,49.25,49.25,1,1,1,1,0,0,0,0,0,0,0,0,0,0,0,1,0,0,0,0,0,0,1,1,0,0,1,31.9,Low Risk
8757-TFHHJ,0,1,49.8,49.8,1,0,0,1,0,0,0,0,0,1,0,0,0,0,0,0,0,0,0,0,0,0,1,1,0,0,0,31.8,Low Risk
9822-WMWVG,0,41,106.5,4282.4,0,0,0,1,0,1,1,0,0,1,0,1,0,1,0,1,0,1,0,0,0,0,1,0,1,0,0,31.7,Low Risk
3018-TFTSU,0,12,81.7,858.6,1,0,0,1,0,0,1,0,0,1,0,0,0,1,0,0,0,0,0,0,0,0,0,0,0,0,1,31.6,Low Risk
5402-HTOTQ,0,16,55.3,875.35,1,0,0,1,0,1,0,0,0,0,0,1,0,0,0,0,0,0,0,0,0,0,0,0,1,0,0,31.6,Low Risk
0327-WFZSY,0,39,100.0,3835.55,1,1,1,1,0,1,1,0,0,0,0,0,0,1,0,0,0,1,0,1,1,0,0,0,1,0,0,31.5,Low Risk
6234-PFPXL,0,22,95.9,2234.95,1,1,0,1,0,1,1,0,0,1,0,0,0,0,0,1,0,1,0,0,0,0,0,1,0,0,0,31.5,Low Risk
4640-UHDOS,0,13,55.95,734.35,0,1,1,1,0,0,0,0,0,0,0,0,0,0,0,0,0,0,0,1,0,0,0,0,1,0,1,31.4,Low Risk
0431-APWVY,0,28,90.1,2598.95,0,1,1,1,0,0,1,0,0,0,0,0,0,0,0,0,0,1,0,1,1,0,1,0,0,0,1,31.3,Low Risk
0013-MHZWF,0,9,69.4,571.45,0,0,1,1,0,0,0,0,0,0,0,0,0,0,0,1,0,1,0,1,0,0,1,1,0,0,0,31.2,Low Risk
7579-OOPEC,1,2,50.15,115.1,0,1,0,1,0,0,0,0,0,0,0,1,0,0,0,0,0,0,0,0,0,0,0,1,0,0,1,31.2,Low Risk
3069-SSVSN,0,1,25.85,25.85,0,0,0,0,1,0,0,0,0,0,0,0,0,0,0,0,0,0,0,0,1,0,0,0,0,1,0,31.1,Low Risk
1541-ETJZO,0,1,62.05,62.05,1,0,0,1,0,1,0,0,0,0,0,0,0,1,0,1,0,0,0,0,0,0,0,0,0,1,1,31.1,Low Risk
6874-SGLHU,0,30,97.0,3021.3,1,0,0,1,0,0,1,0,0,0,0,1,0,0,0,0,0,1,0,1,1,0,1,0,0,0,0,31.0,Low Risk
1550-LOAHA,0,32,84.15,2585.95,0,1,0,1,0,0,1,0,0,0,0,1,0,0,0,0,0,0,0,1,0,0,0,0,0,0,1,31.0,Low Risk
4819-HJPIW,0,18,25.15,476.8,1,0,0,0,1,0,0,0,0,0,0,0,0,0,0,0,0,0,0,0,0,0,0,0,0,1,0,30.9,Low Risk
5949-HGVJL,0,26,73.05,1959.5,0,1,0,1,0,0,0,0,0,0,0,1,0,0,0,1,0,1,0,1,0,0,1,0,1,0,0,30.9,Low Risk
0486-HECZI,0,55,96.75,5238.9,1,1,0,1,0,1,1,0,0,1,0,1,0,0,0,0,0,1,0,0,0,0,1,0,1,0,1,30.9,Low Risk
7251-LJBQN,1,40,103.75,4188.4,0,0,0,1,0,1,1,0,0,0,0,0,0,1,0,1,0,1,0,1,1,0,1,1,0,0,0,30.9,Low Risk
9767-FFLEM,0,38,69.5,2625.25,1,0,0,1,0,0,1,0,0,0,0,0,0,0,0,0,0,0,0,0,0,0,1,1,0,0,0,30.8,Low Risk
4724-WXVWF,0,48,95.4,4445.3,1,0,0,1,0,1,1,0,0,1,0,0,0,0,0,1,0,0,0,1,0,0,1,0,1,0,0,30.8,Low Risk
8728-SKJLR,0,41,74.25,3089.1,1,0,0,1,0,0,1,0,0,0,0,0,0,0,0,1,0,0,0,0,0,0,1,0,1,0,0,30.8,Low Risk
8033-VCZGH,0,50,103.95,5231.3,1,1,0,1,0,1,1,0,0,1,0,0,0,1,0,0,0,1,0,1,1,0,1,0,1,0,0,30.7,Low Risk
2692-PFYTJ,0,1,25.75,25.75,0,0,0,1,0,1,0,1,1,0,1,0,1,0,1,0,1,0,1,0,0,0,1,0,0,1,0,30.6,Low Risk
8805-JNRAZ,0,2,49.2,103.7,0,0,0,1,0,0,0,0,0,0,0,1,0,0,0,0,0,0,0,0,0,0,0,0,0,1,0,30.6,Low Risk
1370-GGAWX,0,46,94.15,4408.45,0,0,0,1,0,1,1,0,0,0,0,1,0,1,0,0,0,0,0,1,1,0,1,0,1,0,0,30.5,Low Risk
5207-PLSTK,0,1,48.75,48.75,1,1,1,1,0,0,0,0,0,1,0,0,0,0,0,0,0,0,0,0,0,0,1,0,0,1,0,30.4,Low Risk
9700-ISPUP,0,10,65.5,616.9,0,1,1,1,0,0,0,0,0,0,0,1,0,0,0,1,0,0,0,1,0,0,1,0,1,0,0,30.4,Low Risk
7623-TRNQN,0,1,49.9,49.9,1,0,1,1,0,0,0,0,0,0,0,0,0,0,0,1,0,0,0,0,0,0,1,0,0,1,1,30.3,Low Risk
5438-QMDDL,0,19,59.8,1130.85,0,1,0,1,0,0,0,0,0,0,0,1,0,0,0,0,0,0,0,1,0,0,1,0,0,1,0,30.0,Low Risk
9327-QSDED,0,8,43.55,335.4,1,0,0,1,0,0,0,0,0,0,0,0,0,0,0,0,0,0,0,0,0,0,0,0,0,1,0,29.9,Low Risk
2190-BCXEC,0,40,78.85,3126.85,0,1,0,1,0,1,1,0,0,0,0,0,0,0,0,1,0,0,0,0,0,0,1,1,0,0,0,29.6,Low Risk
6713-OKOMC,0,10,29.75,301.9,0,0,0,0,1,0,0,0,0,1,0,0,0,0,0,0,0,0,0,0,0,0,0,0,0,1,0,29.4,Low Risk
7067-KSAZT,1,65,106.25,6979.8,0,1,0,1,0,1,1,0,0,0,0,1,0,1,0,0,0,1,0,1,1,0,1,0,1,0,1,29.4,Low Risk
9481-SFCQY,0,14,59.8,824.85,0,0,1,1,0,0,0,0,0,0,0,0,0,1,0,0,0,1,0,0,0,0,1,1,0,0,0,29.2,Low Risk
7250-EQKIY,0,1,50.45,50.45,0,1,1,1,0,0,0,0,0,0,0,0,0,1,0,0,0,0,0,0,0,0,0,0,0,1,1,29.2,Low Risk
5103-MHMHY,0,1,45.95,45.95,0,0,1,1,0,0,0,0,0,0,0,0,0,0,0,0,0,0,0,0,0,0,0,0,0,1,1,29.2,Low Risk
4695-VADHF,0,18,57.45,990.85,1,1,1,1,0,0,0,0,0,0,0,0,0,1,0,0,0,0,0,1,0,0,0,0,1,0,1,29.1,Low Risk
4396-KLSEH,0,4,19.85,63.0,1,0,0,1,0,0,0,1,1,0,1,0,1,0,1,0,1,0,1,0,0,0,1,0,1,0,0,29.1,Low Risk
8455-HIRAQ,0,8,44.45,369.3,0,0,0,1,0,0,0,0,0,0,0,0,0,0,0,0,0,0,0,0,0,0,0,0,0,1,0,29.1,Low Risk
0979-PHULV,0,69,99.45,7007.6,1,1,1,1,0,1,1,0,0,0,0,0,0,1,0,0,0,1,0,1,0,0,1,1,0,0,1,29.0,Low Risk
5600-PDUJF,0,6,49.5,312.7,1,0,0,1,0,0,0,0,0,0,0,0,0,0,0,1,0,0,0,0,0,0,1,1,0,0,0,29.0,Low Risk
3567-PQTSO,0,53,105.25,5576.3,1,1,1,1,0,1,1,0,0,0,0,1,0,1,0,0,0,1,0,1,1,0,1,0,1,0,0,28.8,Low Risk
7410-KTVFV,0,18,49.55,878.35,1,1,0,1,0,0,0,0,0,0,0,0,0,1,0,0,0,0,0,0,0,0,1,0,0,1,1,28.7,Low Risk
3594-KADLU,0,3,35.1,101.1,1,1,0,0,1,0,0,0,0,1,0,0,0,0,0,1,0,0,0,0,0,0,0,0,0,1,0,28.7,Low Risk
0823-HSCDJ,1,52,49.15,2550.9,1,0,0,0,1,0,0,0,0,0,0,1,0,0,0,0,0,1,0,1,0,0,1,0,1,0,1,28.3,Low Risk
9103-TCIHJ,0,15,55.7,899.8,0,0,0,1,0,1,0,0,0,1,0,0,0,0,0,0,0,0,0,0,0,0,1,0,0,1,1,28.2,Low Risk
6559-RAKOZ,0,49,97.95,4917.9,1,1,1,1,0,1,1,0,0,0,0,0,0,0,0,1,0,1,0,1,1,0,1,0,1,0,0,28.1,Low Risk
6769-DYBQN,1,46,85.0,3969.4,1,0,0,1,0,0,1,0,0,1,0,0,0,0,0,0,0,0,0,1,0,0,0,0,1,0,1,28.1,Low Risk
6854-EXGSF,0,8,65.5,573.15,0,0,0,1,0,1,0,0,0,1,0,1,0,1,0,0,0,0,0,0,0,0,1,0,0,0,0,28.0,Low Risk
6664-FPDAC,1,56,111.95,6418.9,0,0,0,1,0,1,1,0,0,0,0,1,0,1,0,1,0,1,0,1,1,0,1,0,1,0,1,27.6,Low Risk
4937-QPZPO,0,61,99.9,6241.35,1,1,1,1,0,1,1,0,0,0,0,0,0,1,0,0,0,1,0,1,1,0,1,0,1,0,0,27.5,Low Risk
1848-LBZHY,0,7,50.3,355.1,0,1,0,1,0,0,0,0,0,1,0,0,0,0,0,0,0,0,0,0,0,0,1,0,0,0,0,27.3,Low Risk
0668-OGMHD,0,21,28.5,629.35,0,1,0,0,1,0,0,0,0,1,0,0,0,0,0,0,0,0,0,0,0,0,0,0,1,0,0,27.1,Low Risk
2195-VVRJF,1,18,59.1,1011.05,1,1,0,1,0,0,0,0,0,1,0,0,0,0,0,0,0,0,0,1,0,0,1,1,0,0,0,27.0,Low Risk
1217-VASWC,1,43,100.55,4304.0,1,1,0,1,0,0,1,0,0,0,0,1,0,1,0,0,0,1,0,1,1,0,1,0,0,0,0,27.0,Low Risk
6770-XUAGN,0,1,21.0,21.0,0,1,1,1,0,0,0,1,1,0,1,0,1,0,1,0,1,0,1,0,0,0,1,0,1,0,1,26.7,Low Risk
5136-GFPMB,0,54,89.4,4869.5,1,0,0,1,0,1,1,0,0,0,0,0,0,1,0,0,0,0,0,1,0,0,0,1,0,0,0,26.7,Low Risk
2279-AXJJK,0,52,95.65,5088.4,1,1,0,1,0,1,1,0,0,0,0,1,0,0,0,1,0,0,0,1,0,0,1,1,0,0,0,26.6,Low Risk
9163-GHAYE,0,15,48.85,736.8,0,0,0,1,0,0,0,0,0,0,0,1,0,0,0,0,0,0,0,0,0,0,0,0,1,0,0,26.6,Low Risk
5804-HYIEZ,0,70,106.05,7554.05,1,1,1,1,0,1,1,0,0,1,0,1,0,0,0,0,0,1,0,1,0,0,1,0,1,0,0,26.5,Low Risk
7750-EYXWZ,0,12,60.65,743.3,0,0,0,0,1,0,0,0,0,0,0,1,0,1,0,1,0,1,0,1,1,0,0,0,1,0,0,26.4,Low Risk
4468-YDOVK,0,5,48.65,235.2,1,0,1,1,0,0,0,0,0,0,0,0,0,0,0,1,0,0,0,0,0,0,1,0,0,0,0,26.3,Low Risk
7854-EKTJL,0,2,19.6,35.85,0,0,1,1,0,0,0,1,1,0,1,0,1,0,1,0,1,0,1,0,0,0,1,0,1,0,1,26.2,Low Risk
4667-OHGKG,0,1,19.3,19.3,1,0,0,1,0,0,0,1,1,0,1,0,1,0,1,0,1,0,1,0,0,0,1,0,0,1,1,26.2,Low Risk
5136-RGMZO,0,31,71.05,2168.15,1,0,0,1,0,1,0,0,0,0,0,1,0,0,0,1,0,1,0,0,0,0,1,0,1,0,0,26.2,Low Risk
4256-ZWTZI,0,5,51.0,286.8,0,0,1,1,0,0,0,0,0,0,0,0,0,0,0,1,0,0,0,0,0,0,1,0,0,1,0,26.2,Low Risk
2828-SLQPF,0,19,45.0,865.85,1,0,0,1,0,0,0,0,0,0,0,0,0,0,0,0,0,0,0,0,0,0,1,0,0,0,0,26.2,Low Risk
0058-EVZWM,0,55,89.8,4959.6,0,1,0,1,0,1,1,0,0,1,0,0,0,0,0,0,0,1,0,0,0,0,1,0,0,0,0,26.2,Low Risk
8450-JOVAH,0,2,56.7,113.55,1,1,1,1,0,1,0,0,0,1,0,0,0,0,0,0,0,0,0,0,0,0,0,0,0,1,1,26.1,Low Risk
1575-KRZZE,0,4,55.2,220.65,0,0,0,1,0,0,0,0,0,1,0,1,0,0,0,0,0,0,0,0,0,0,0,0,1,0,0,26.0,Low Risk
3325-FUYCG,0,28,106.1,2847.4,1,1,1,1,0,1,1,0,0,1,0,1,0,0,0,0,0,1,0,1,1,0,0,0,1,0,1,26.0,Low Risk
2391-SOORI,0,4,49.35,219.65,1,0,1,1,0,0,0,0,0,1,0,0,0,0,0,0,0,0,0,0,0,0,0,0,1,0,1,26.0,Low Risk
0959-WHOKV,0,42,99.0,4298.45,1,0,0,1,0,1,1,0,0,1,0,1,0,1,0,0,0,0,0,1,1,0,1,0,1,0,0,26.0,Low Risk
3604-WLABM,0,10,54.25,583.0,0,0,0,1,0,0,0,0,0,0,0,0,0,1,0,1,0,0,0,0,0,0,0,0,1,0,0,26.0,Low Risk
1809-DMJHQ,0,5,46.0,221.7,0,0,1,1,0,0,0,0,0,0,0,0,0,0,0,0,0,0,0,0,0,0,0,0,0,1,1,26.0,Low Risk
2669-QVCRG,0,41,81.3,3190.65,0,0,0,1,0,1,1,0,0,1,0,0,0,0,0,0,0,0,0,0,0,0,1,1,0,0,0,25.9,Low Risk
7398-LXGYX,0,44,84.8,3626.35,1,1,0,1,0,1,1,0,0,1,0,0,0,1,0,0,0,0,0,0,0,0,1,1,0,0,0,25.8,Low Risk
2369-FEVNO,0,1,19.9,19.9,1,0,0,1,0,0,0,1,1,0,1,0,1,0,1,0,1,0,1,0,0,0,1,0,0,1,0,25.8,Low Risk
7629-WIXZF,0,7,59.1,369.25,0,0,0,1,0,0,0,0,0,1,0,0,0,0,0,0,0,0,0,1,1,0,1,0,1,0,0,25.7,Low Risk
6284-KMNUF,0,56,98.0,5270.6,0,1,0,1,0,1,1,0,0,1,0,0,0,0,0,0,0,1,0,1,1,0,1,0,1,0,0,25.7,Low Risk
2924-KHUVI,0,56,100.55,5514.95,1,1,0,1,0,1,1,0,0,1,0,0,0,0,0,0,0,1,0,1,1,0,1,0,1,0,0,25.7,Low Risk
2293-IJWPS,0,57,100.75,5985.0,0,1,0,1,0,1,1,0,0,0,0,0,0,1,0,0,0,1,0,1,1,0,1,1,0,0,0,25.7,Low Risk
1240-KNSEZ,0,1,20.1,20.1,1,0,0,1,0,0,0,1,1,0,1,0,1,0,1,0,1,0,1,0,0,0,1,0,0,1,1,25.7,Low Risk
1622-HSHSF,0,1,19.55,19.55,0,0,0,1,0,0,0,1,1,0,1,0,1,0,1,0,1,0,1,0,0,0,1,0,0,1,0,25.6,Low Risk
4672-FOTSD,0,12,67.25,832.3,1,0,0,1,0,1,0,0,0,1,0,1,0,0,0,1,0,0,0,0,0,0,1,0,1,0,0,25.6,Low Risk
2108-YKQTY,0,4,50.7,151.3,0,0,0,1,0,0,0,0,0,0,0,1,0,0,0,0,0,0,0,0,0,0,0,1,0,0,1,25.6,Low Risk
0471-ARVMX,1,62,104.85,6312.9,0,1,0,1,0,1,1,0,0,1,0,0,0,1,0,0,0,1,0,1,1,0,1,0,1,0,0,25.4,Low Risk
2778-OCLGR,1,24,39.1,971.3,1,1,0,0,1,0,0,0,0,1,0,0,0,0,0,0,0,0,0,1,0,0,0,0,0,0,1,25.4,Low Risk
6366-XIVKZ,0,13,63.15,816.8,0,1,1,1,0,0,0,0,0,1,0,0,0,1,0,0,0,0,0,1,0,0,1,0,0,1,0,25.3,Low Risk
0742-MOABM,0,4,50.05,179.35,1,1,0,1,0,0,0,0,0,0,0,0,0,0,0,1,0,0,0,0,0,0,0,0,0,1,1,25.3,Low Risk
1360-JYXKQ,1,54,99.1,5437.1,0,1,0,1,0,0,1,0,0,0,0,0,0,1,0,1,0,1,0,1,1,0,1,0,1,0,0,25.3,Low Risk
2522-AHJXR,0,60,109.45,6572.85,1,1,0,1,0,1,1,0,0,1,0,0,0,1,0,1,0,1,0,1,0,0,1,0,0,0,0,25.3,Low Risk
9544-PYPSJ,1,62,96.1,6019.35,0,1,1,1,0,1,1,0,0,0,0,1,0,1,0,0,0,0,0,1,0,0,1,1,0,0,0,25.0,Low Risk
2480-EJWYP,1,58,97.8,5458.8,0,1,0,1,0,1,1,0,0,0,0,1,0,0,0,0,0,1,0,1,1,0,1,0,0,0,0,24.9,Low Risk
5186-EJEGL,0,9,69.5,653.25,1,0,0,1,0,0,0,0,0,1,0,0,0,1,0,1,0,1,0,0,0,0,1,0,0,1,0,24.9,Low Risk
8992-CEUEN,0,1,18.85,18.85,0,0,0,1,0,0,0,1,1,0,1,0,1,0,1,0,1,0,1,0,0,0,0,0,1,0,0,24.8,Low Risk
0719-SYFRB,0,12,61.65,713.75,0,0,0,1,0,1,0,0,0,1,0,0,0,1,0,1,0,0,0,0,0,0,1,0,0,1,1,24.7,Low Risk
3756-VNWDH,1,65,100.75,6674.65,1,1,0,1,0,1,1,0,0,1,0,0,0,0,0,0,0,1,0,1,1,0,1,0,1,0,0,24.7,Low Risk
1470-PSXNM,0,49,93.65,4520.15,1,1,1,1,0,1,1,0,0,0,0,1,0,1,0,0,0,1,0,0,1,0,1,0,1,0,0,24.7,Low Risk
6815-ABQFQ,0,56,107.25,6033.3,1,1,0,1,0,1,1,0,0,0,0,1,0,0,0,1,0,1,0,1,1,0,1,0,1,0,0,24.6,Low Risk
7054-ENNGU,0,9,50.85,466.6,0,1,0,1,0,0,0,0,0,0,0,1,0,0,0,0,0,0,0,0,0,0,0,0,0,1,0,24.6,Low Risk
4524-QCSSM,0,26,44.65,1156.55,1,0,0,0,1,0,0,0,0,1,0,1,0,0,0,0,0,0,0,1,0,0,1,0,0,0,0,24.5,Low Risk
7251-XFOIL,0,61,89.2,5500.6,0,0,0,1,0,1,1,0,0,0,0,0,0,1,0,0,0,0,0,1,0,0,0,0,0,1,0,24.4,Low Risk
7893-IXHRQ,0,1,20.55,20.55,1,0,0,1,0,0,0,1,1,0,1,0,1,0,1,0,1,0,1,0,0,0,0,0,1,0,1,24.3,Low Risk
1493-AMTIE,0,1,20.2,20.2,1,0,0,1,0,0,0,1,1,0,1,0,1,0,1,0,1,0,1,0,0,0,1,0,0,0,1,24.2,Low Risk
4945-RVMTE,0,28,59.55,1646.45,0,0,0,1,0,0,0,0,0,0,0,0,0,1,0,0,0,1,0,0,0,0,1,0,0,0,0,24.2,Low Risk
6184-DYUOB,0,3,19.6,55.25,0,1,0,1,0,0,0,1,1,0,1,0,1,0,1,0,1,0,1,0,0,0,1,0,0,1,0,24.2,Low Risk
3594-IVHJZ,0,2,20.45,42.45,0,0,0,1,0,0,0,1,1,0,1,0,1,0,1,0,1,0,1,0,0,0,1,0,0,1,0,24.2,Low Risk
7733-UDMTP,1,57,55.0,3094.05,0,0,0,0,1,0,0,0,0,0,0,1,0,1,0,0,0,1,0,1,0,0,1,0,1,0,0,24.1,Low Risk
6890-PFRQX,0,18,69.5,1199.4,1,0,0,1,0,1,0,0,0,1,0,0,0,1,0,0,0,1,0,0,0,0,0,0,0,1,0,24.1,Low Risk
7853-WNZSY,0,1,19.75,19.75,1,0,0,1,0,0,0,1,1,0,1,0,1,0,1,0,1,0,1,0,0,0,1,1,0,0,0,23.9,Low Risk
1087-UDSIH,0,3,19.6,59.75,0,0,0,1,0,0,0,1,1,0,1,0,1,0,1,0,1,0,1,0,0,0,1,0,0,1,1,23.9,Low Risk
7124-UGSUR,1,61,104.4,6405.0,0,1,0,1,0,1,1,0,0,0,0,1,0,1,0,0,0,1,0,1,1,0,1,1,0,0,1,23.8,Low Risk
0701-TJSEF,0,9,68.25,576.95,1,0,0,1,0,0,0,0,0,1,0,0,0,1,0,1,0,0,0,1,0,0,1,0,0,0,0,23.8,Low Risk
2955-PSXOE,0,1,20.2,20.2,0,0,0,1,0,0,0,1,1,0,1,0,1,0,1,0,1,0,1,0,0,0,1,0,0,0,1,23.8,Low Risk
8620-RJPZN,0,1,20.7,20.7,0,0,0,1,0,0,0,1,1,0,1,0,1,0,1,0,1,0,1,0,0,0,0,0,1,0,0,23.8,Low Risk
6898-MDLZW,0,12,53.75,648.65,1,0,0,1,0,0,0,0,0,0,0,1,0,0,0,1,0,0,0,0,0,0,1,0,0,1,0,23.7,Low Risk
9254-RBFON,0,17,98.6,1704.95,0,1,1,1,0,0,1,0,0,0,0,0,0,1,0,1,0,1,0,1,1,0,0,0,0,0,1,23.6,Low Risk
8713-IGZSO,0,2,24.85,62.0,1,0,0,1,0,1,0,1,1,0,1,0,1,0,1,0,1,0,1,0,0,0,0,0,0,1,0,23.5,Low Risk
6773-LQTVT,1,29,35.65,1025.15,0,1,1,0,1,0,0,0,0,0,0,1,0,1,0,0,0,0,0,0,0,0,1,0,0,1,0,23.5,Low Risk
5630-AHZIL,0,3,64.5,177.4,0,0,1,1,0,0,0,0,0,1,0,0,0,0,0,1,0,0,0,1,0,0,1,0,0,0,0,23.2,Low Risk
6473-ULUHT,0,16,84.9,1398.25,1,1,1,1,0,1,0,0,0,1,0,1,0,0,0,1,0,1,0,1,0,0,0,0,1,0,0,23.1,Low Risk
2478-EEWWM,0,59,44.3,2666.75,1,1,0,0,1,0,0,0,0,0,0,0,0,0,0,0,0,1,0,1,0,0,1,0,1,0,0,23.0,Low Risk
4003-FUSHP,0,19,61.55,1093.2,1,0,0,1,0,0,0,0,0,0,0,0,0,0,0,1,0,1,0,0,0,0,1,1,0,0,0,22.9,Low Risk
4693-VWVBO,0,3,19.55,61.05,0,0,0,1,0,0,0,1,1,0,1,0,1,0,1,0,1,0,1,0,0,0,0,0,1,0,0,22.8,Low Risk
5949-EBSQK,0,4,61.45,229.55,1,1,1,1,0,0,0,0,0,0,0,0,0,0,0,1,0,0,0,1,0,0,0,1,0,0,1,22.7,Low Risk
3780-DDGSE,1,35,76.05,2747.2,1,1,1,1,0,0,0,0,0,0,0,1,0,0,0,1,0,1,0,1,0,0,1,0,1,0,0,22.6,Low Risk
3982-XWFZQ,0,42,50.25,2203.65,0,1,0,1,0,1,0,0,0,0,0,0,0,0,0,0,0,0,0,0,0,0,1,0,1,0,1,22.6,Low Risk
2995-UPRYS,1,40,99.2,4062.2,0,1,0,1,0,0,1,0,0,0,0,1,0,0,0,1,0,1,0,1,1,0,1,1,0,0,1,22.4,Low Risk
6270-OMFIW,0,60,94.4,5610.25,1,1,0,1,0,0,1,0,0,0,0,1,0,0,0,0,0,1,0,1,1,0,1,0,1,0,1,22.4,Low Risk
3179-GBRWV,1,21,64.95,1339.8,1,1,0,1,0,0,0,0,0,1,0,1,0,0,0,0,0,0,0,1,0,0,1,0,0,0,0,22.4,Low Risk
7426-WEIJX,1,60,80.95,4859.1,1,1,1,1,0,1,1,0,0,1,0,0,0,0,0,0,0,0,0,0,0,0,1,0,1,0,0,22.4,Low Risk
2087-QAREY,0,22,54.7,1178.75,0,1,0,1,0,0,0,0,0,0,0,1,0,1,0,0,0,0,0,0,0,0,1,0,0,1,0,22.3,Low Risk
7957-RYHQD,1,40,79.2,3233.85,0,0,0,1,0,0,1,0,0,1,0,1,0,0,0,0,0,0,0,0,0,0,1,1,0,0,1,22.3,Low Risk
8930-XOTDP,0,18,55.95,1082.8,0,1,1,1,0,0,0,0,0,0,0,0,0,0,0,0,0,1,0,0,0,0,0,0,0,1,0,22.1,Low Risk
0913-XWSCN,0,55,85.5,4713.4,1,1,1,1,0,1,1,0,0,0,0,0,0,0,0,0,0,0,0,1,0,0,0,0,0,0,0,22.1,Low Risk
8190-ZTQFB,0,41,51.35,2075.1,1,0,0,0,1,0,0,0,0,0,0,0,0,1,0,0,0,1,0,1,1,0,1,0,1,0,0,22.1,Low Risk
2446-ZKVAF,0,18,56.8,1074.65,1,1,0,1,0,1,0,0,0,0,0,1,0,0,0,0,0,0,0,0,0,0,0,1,0,0,0,22.0,Low Risk
9629-NHXFW,0,1,19.4,19.4,0,1,1,1,0,0,0,1,1,0,1,0,1,0,1,0,1,0,1,0,0,0,1,0,0,1,0,22.0,Low Risk
0463-WZZKO,0,3,20.75,67.1,1,0,0,1,0,0,0,1,1,0,1,0,1,0,1,0,1,0,1,0,0,0,1,1,0,0,0,21.8,Low Risk
7395-XWZOY,0,20,55.0,1165.55,1,0,0,0,1,0,0,0,0,1,0,1,0,1,0,1,0,1,0,0,0,0,1,1,0,0,0,21.8,Low Risk
1074-AMIOH,0,53,108.25,5935.1,0,1,1,1,0,0,1,0,0,0,0,1,0,1,0,1,0,1,0,1,0,0,1,0,0,0,0,21.8,Low Risk
6483-OATDN,0,8,51.3,411.6,1,1,1,1,0,0,0,0,0,1,0,0,0,0,0,0,0,0,0,0,0,0,1,1,0,0,0,21.7,Low Risk
8970-ANWXO,0,23,73.75,1756.6,0,0,0,1,0,1,0,0,0,0,0,0,0,0,0,1,0,1,0,1,1,0,1,0,0,1,0,21.6,Low Risk
2843-CQMEG,0,24,49.7,1218.25,1,0,0,1,0,0,0,0,0,0,0,1,0,0,0,0,0,0,0,0,0,0,1,0,0,1,0,21.4,Low Risk
1386-ZIKUV,0,7,18.95,130.55,1,0,0,1,0,0,0,1,1,0,1,0,1,0,1,0,1,0,1,0,0,0,1,0,0,1,0,21.4,Low Risk
4016-BJKTZ,0,25,108.9,2809.05,0,0,0,1,0,1,1,0,0,0,0,1,0,1,0,1,0,1,0,1,0,1,0,0,1,0,0,21.3,Low Risk
8409-WQJUX,0,25,54.2,1423.15,0,0,0,0,1,0,0,0,0,0,0,0,0,1,0,1,0,1,0,1,1,0,0,0,1,0,0,21.3,Low Risk
4160-AMJTL,1,8,19.65,164.3,0,0,0,1,0,0,0,1,1,0,1,0,1,0,1,0,1,0,1,0,0,0,0,0,1,0,1,21.2,Low Risk
8166-ORCHU,1,33,93.55,3055.5,1,1,0,1,0,0,1,0,0,1,0,1,0,0,0,1,0,0,0,1,1,0,1,0,1,0,0,21.2,Low Risk
9033-EOXWV,0,12,74.05,872.65,0,0,0,1,0,1,0,0,0,0,0,0,0,0,0,1,0,1,0,1,1,0,0,0,0,1,1,21.2,Low Risk
0516-OOHAR,0,28,100.35,2799.0,1,1,1,1,0,0,1,0,0,0,0,1,0,1,0,0,0,1,0,1,1,0,0,0,0,0,0,21.2,Low Risk
7130-CTCUS,1,16,54.55,825.1,1,1,0,1,0,0,0,0,0,1,0,1,0,0,0,0,0,0,0,0,0,0,1,0,0,0,0,21.1,Low Risk
9537-VHDTA,0,1,51.2,51.2,0,0,1,1,0,0,0,0,0,1,0,0,0,0,0,0,0,0,0,0,0,0,0,0,0,1,0,21.1,Low Risk
0733-VUNUW,0,24,55.65,1400.55,1,0,0,1,0,1,0,0,0,1,0,0,0,0,0,0,0,0,0,0,0,0,1,0,0,0,1,21.0,Low Risk
9374-YOLBJ,0,1,19.25,19.25,0,1,1,1,0,0,0,1,1,0,1,0,1,0,1,0,1,0,1,0,0,0,0,0,1,0,0,21.0,Low Risk
4377-VDHYI,0,32,90.8,3023.85,1,1,1,1,0,0,1,0,0,1,0,1,0,0,0,0,0,0,0,1,1,0,1,0,1,0,0,20.9,Low Risk
3679-XASPY,0,1,19.45,19.45,0,1,1,1,0,0,0,1,1,0,1,0,1,0,1,0,1,0,1,0,0,0,0,0,1,0,0,20.9,Low Risk
9788-YTFGE,0,7,19.95,147.5,1,0,0,1,0,0,0,1,1,0,1,0,1,0,1,0,1,0,1,0,0,0,1,0,0,1,0,20.9,Low Risk
5198-EFNBM,1,57,90.65,5199.8,1,1,0,1,0,0,1,0,0,0,0,1,0,1,0,0,0,1,0,0,1,0,1,0,1,0,0,20.7,Low Risk
0895-LMRSF,0,23,64.9,1509.8,1,0,0,1,0,0,0,0,0,0,0,0,0,0,0,0,0,1,0,1,1,0,1,0,0,0,0,20.6,Low Risk
5482-NUPNA,0,4,60.4,272.15,0,0,0,1,0,0,0,0,0,1,0,1,0,0,0,1,0,0,0,0,0,0,1,0,0,1,1,20.6,Low Risk
9138-EFSMO,0,26,78.95,2034.25,1,1,1,1,0,0,1,0,0,0,0,0,0,0,0,0,0,0,0,1,1,0,0,0,0,0,0,20.6,Low Risk
0365-TRTPY,0,37,91.2,3382.3,0,0,0,1,0,1,1,0,0,1,0,1,0,1,0,0,0,0,0,0,0,0,0,0,0,0,0,20.4,Low Risk
3694-GLTJM,0,5,19.65,92.05,0,0,0,1,0,0,0,1,1,0,1,0,1,0,1,0,1,0,1,0,0,0,1,1,0,0,0,20.4,Low Risk
3858-XHYJO,0,40,105.75,4228.55,0,1,0,1,0,1,1,0,0,1,0,0,0,1,0,0,0,1,0,1,1,0,0,0,0,0,0,20.3,Low Risk
6258-NGCNG,0,7,23.5,173.0,1,0,0,1,0,1,0,1,1,0,1,0,1,0,1,0,1,0,1,0,0,0,0,0,0,1,0,20.3,Low Risk
2758-RNWXS,0,35,89.2,3251.3,1,0,0,1,0,0,1,0,0,1,0,0,0,0,0,1,0,0,0,1,1,0,1,0,1,0,0,20.2,Low Risk
4541-RMRLG,0,7,19.25,112.3,1,0,0,1,0,0,0,1,1,0,1,0,1,0,1,0,1,0,1,0,0,0,0,0,1,0,1,20.1,Low Risk
8985-OOPOS,0,1,74.1,74.1,0,0,0,1,0,0,0,0,0,0,0,0,0,1,0,1,0,1,0,1,1,0,0,1,0,0,0,20.1,Low Risk
3794-NFNCH,0,30,50.0,1474.9,1,1,0,1,0,0,0,0,0,0,0,0,0,1,0,0,0,0,0,0,0,0,1,0,0,1,0,19.9,Low Risk
6733-LRIZX,0,35,108.95,4025.5,1,0,0,1,0,1,1,0,0,1,0,0,0,1,0,1,0,1,0,1,0,1,1,0,1,0,0,19.9,Low Risk
6777-TGHTM,0,53,106.95,5785.5,0,0,0,1,0,1,1,0,0,1,0,0,0,1,0,0,0,1,0,1,1,0,1,1,0,0,1,19.9,Low Risk
9025-ZRPVR,0,9,18.95,185.6,1,0,0,1,0,0,0,1,1,0,1,0,1,0,1,0,1,0,1,0,0,0,1,0,0,1,1,19.9,Low Risk
1015-OWJKI,0,1,19.05,19.05,1,0,0,1,0,0,0,1,1,0,1,0,1,0,1,0,1,0,1,0,0,0,0,0,0,1,0,19.8,Low Risk
1110-KYLGQ,0,63,108.25,6780.1,0,0,0,1,0,1,1,0,0,1,0,1,0,1,0,0,0,1,0,1,0,0,0,1,0,0,0,19.8,Low Risk
5766-ZJYBB,0,1,19.4,19.4,1,0,0,1,0,0,0,1,1,0,1,0,1,0,1,0,1,0,1,0,0,0,0,0,0,1,1,19.6,Low Risk
4892-VLANZ,0,1,19.8,19.8,1,0,0,1,0,0,0,1,1,0,1,0,1,0,1,0,1,0,1,0,0,0,0,0,0,1,1,19.4,Low Risk
6286-SUUWT,0,1,19.95,19.95,1,0,0,1,0,0,0,1,1,0,1,0,1,0,1,0,1,0,1,0,0,0,0,0,0,1,0,19.4,Low Risk
3930-ZGWVE,0,1,19.75,19.75,1,0,0,1,0,0,0,1,1,0,1,0,1,0,1,0,1,0,1,0,0,0,0,0,0,1,0,19.4,Low Risk
7239-HZZCX,0,1,19.75,19.75,1,0,0,1,0,0,0,1,1,0,1,0,1,0,1,0,1,0,1,0,0,0,0,0,0,1,1,19.4,Low Risk
7266-GSSJX,0,11,20.45,250.8,1,1,1,1,0,0,0,1,1,0,1,0,1,0,1,0,1,0,1,0,0,0,1,0,1,0,0,19.4,Low Risk
3339-EAQNV,1,72,97.25,7133.1,1,1,0,1,0,1,1,0,0,0,0,1,0,0,0,0,0,1,0,1,1,0,1,1,0,0,0,19.4,Low Risk
8749-CLJXC,0,1,20.05,20.05,1,0,0,1,0,0,0,1,1,0,1,0,1,0,1,0,1,0,1,0,0,0,0,0,0,1,0,19.3,Low Risk
6421-SZVEM,0,28,82.85,2320.8,0,1,1,1,0,0,1,0,0,1,0,0,0,0,0,0,0,0,0,1,1,0,1,0,0,0,0,19.3,Low Risk
9122-UMROB,0,1,20.3,20.3,1,0,0,1,0,0,0,1,1,0,1,0,1,0,1,0,1,0,1,0,0,0,0,0,0,1,0,19.2,Low Risk
4211-MMAZN,0,1,20.25,20.25,1,0,0,1,0,0,0,1,1,0,1,0,1,0,1,0,1,0,1,0,0,0,0,0,0,1,1,19.2,Low Risk
2668-TZSPS,0,1,20.45,20.45,1,0,0,1,0,0,0,1,1,0,1,0,1,0,1,0,1,0,1,0,0,0,0,0,0,1,0,19.1,Low Risk
1855-CFULU,1,4,20.05,91.45,0,0,0,1,0,0,0,1,1,0,1,0,1,0,1,0,1,0,1,0,0,0,0,0,0,1,0,19.1,Low Risk
4013-GUXND,0,1,20.8,20.8,1,0,0,1,0,0,0,1,1,0,1,0,1,0,1,0,1,0,1,0,0,0,0,0,0,1,0,19.0,Low Risk
3976-NLDEZ,0,1,20.6,20.6,1,0,0,1,0,0,0,1,1,0,1,0,1,0,1,0,1,0,1,0,0,0,0,0,0,1,0,19.0,Low Risk
6654-QGBZZ,0,1,19.9,19.9,0,0,0,1,0,0,0,1,1,0,1,0,1,0,1,0,1,0,1,0,0,0,0,0,0,1,0,19.0,Low Risk
7134-MJPDY,1,66,102.85,6976.75,0,0,0,1,0,1,1,0,0,0,0,0,0,1,0,1,0,1,0,1,1,0,1,1,0,0,0,18.9,Low Risk
4237-CLSMM,0,2,20.0,38.0,1,1,0,1,0,0,0,1,1,0,1,0,1,0,1,0,1,0,1,0,0,0,0,0,0,1,0,18.9,Low Risk
2091-MJTFX,0,30,51.2,1561.5,0,1,1,0,1,0,0,0,0,0,0,0,0,0,0,1,0,1,0,1,0,0,0,1,0,0,1,18.8,Low Risk
1963-VAUKV,0,1,20.4,20.4,0,0,0,1,0,0,0,1,1,0,1,0,1,0,1,0,1,0,1,0,0,0,0,0,0,1,1,18.8,Low Risk
3639-XJHKQ,0,19,60.6,1297.8,0,0,1,1,0,0,0,0,0,1,0,1,0,1,0,0,0,0,0,0,0,0,1,0,1,0,0,18.8,Low Risk
2750-BJLSB,0,47,103.7,4730.6,0,0,0,1,0,0,1,0,0,1,0,0,0,1,0,1,0,1,0,1,1,0,1,0,1,0,0,18.7,Low Risk
2308-STERM,0,2,19.4,61.05,0,0,0,1,0,0,0,1,1,0,1,0,1,0,1,0,1,0,1,0,0,0,0,0,0,1,0,18.6,Low Risk
3313-QKNKB,0,59,85.55,5084.65,1,1,0,1,0,1,1,0,0,0,0,0,0,0,0,0,0,0,0,1,1,0,0,0,1,0,1,18.6,Low Risk
1707-HABPF,1,46,91.3,4126.35,0,0,0,1,0,0,1,0,0,0,0,1,0,1,0,0,0,1,0,0,1,0,1,0,0,0,0,18.6,Low Risk
4701-MLJPN,0,31,55.25,1715.65,1,0,0,1,0,0,0,0,0,0,0,0,0,1,0,1,0,0,0,0,0,0,1,0,1,0,1,18.5,Low Risk
1051-GEJLJ,0,2,19.5,27.55,0,0,0,1,0,0,0,1,1,0,1,0,1,0,1,0,1,0,1,0,0,0,0,0,0,1,0,18.5,Low Risk
2155-AMQRX,0,28,54.9,1505.15,0,0,0,1,0,1,0,0,0,0,0,0,0,0,0,1,0,0,0,0,0,0,1,1,0,0,0,18.5,Low Risk
9701-CDXHR,0,51,69.15,3649.6,0,1,0,1,0,0,1,0,0,0,0,0,0,0,0,0,0,0,0,0,0,0,0,0,0,1,0,18.5,Low Risk
8495-PRWFH,1,42,55.65,2421.75,0,0,0,1,0,1,0,0,0,0,0,0,0,1,0,0,0,0,0,0,0,0,0,0,1,0,0,18.5,Low Risk
0816-TSPHQ,0,2,20.75,44.2,1,0,0,1,0,0,0,1,1,0,1,0,1,0,1,0,1,0,1,0,0,0,0,0,0,1,0,18.3,Low Risk
5951-AOFIH,0,33,66.4,2245.4,1,0,0,1,0,0,0,0,0,0,0,1,0,1,0,0,0,1,0,0,0,0,1,1,0,0,0,18.3,Low Risk
1194-SPVSP,0,1,19.65,19.65,1,0,0,1,0,0,0,1,1,0,1,0,1,0,1,0,1,0,1,0,0,0,0,0,0,0,0,18.3,Low Risk
5469-CTCWN,0,61,106.0,6547.7,1,1,1,1,0,1,1,0,0,1,0,1,0,0,0,0,0,1,0,1,1,0,1,0,1,0,1,18.3,Low Risk
7919-ZODZZ,0,10,65.9,660.05,0,1,1,1,0,0,0,0,0,0,0,1,0,1,0,0,0,0,0,1,1,0,1,0,0,1,0,18.2,Low Risk
2252-JHJGE,0,61,104.0,6363.45,1,0,0,1,0,1,1,0,0,1,0,0,0,1,0,0,0,1,0,1,1,0,0,0,1,0,0,18.2,Low Risk
0048-LUMLS,0,37,91.2,3247.55,1,1,1,1,0,0,1,0,0,0,0,0,0,0,0,0,0,1,0,1,1,0,0,1,0,0,0,18.2,Low Risk
3847-BAERP,0,10,20.9,247.0,0,0,0,1,0,0,0,1,1,0,1,0,1,0,1,0,1,0,1,0,0,0,1,0,0,1,0,18.1,Low Risk
9139-WQQDY,0,49,100.45,4941.8,0,1,1,1,0,1,1,0,0,0,0,1,0,0,0,0,0,1,0,1,1,0,0,0,0,1,1,18.1,Low Risk
9844-FELAJ,1,70,107.9,7475.85,0,1,1,1,0,1,1,0,0,0,0,1,0,1,0,1,0,1,0,1,1,0,1,0,1,0,0,18.1,Low Risk
1784-BXEFA,0,10,20.55,187.35,0,0,0,1,0,0,0,1,1,0,1,0,1,0,1,0,1,0,1,0,0,0,1,0,0,1,0,18.1,Low Risk
9097-ZUBYC,0,14,48.8,664.4,1,1,0,1,0,0,0,0,0,0,0,0,0,0,0,1,0,0,0,0,0,0,0,0,0,0,0,18.0,Low Risk
2839-RFSQE,0,2,20.65,38.7,0,0,0,1,0,0,0,1,1,0,1,0,1,0,1,0,1,0,1,0,0,0,0,0,0,1,1,18.0,Low Risk
9565-JSNFM,0,38,70.45,2597.6,1,0,0,1,0,0,1,0,0,0,0,0,0,0,0,0,0,0,0,0,1,0,1,0,0,0,1,18.0,Low Risk
6776-TLWOI,0,3,19.85,64.55,1,0,0,1,0,0,0,1,1,0,1,0,1,0,1,0,1,0,1,0,0,0,0,0,0,1,1,18.0,Low Risk
6497-TILVL,0,7,50.7,350.35,0,1,1,1,0,0,0,0,0,1,0,0,0,0,0,0,0,0,0,0,0,0,0,0,0,1,0,18.0,Low Risk
9820-RMCQV,0,11,48.55,501.0,0,0,0,1,0,0,0,0,0,1,0,0,0,0,0,0,0,0,0,0,0,0,0,1,0,0,1,17.9,Low Risk
4753-PADAS,0,67,105.7,6816.95,0,1,0,1,0,1,1,0,0,0,0,1,0,1,0,0,0,1,0,1,1,0,1,0,0,0,0,17.9,Low Risk
0178-CIIKR,0,3,19.95,58.0,0,0,0,1,0,0,0,1,1,0,1,0,1,0,1,0,1,0,1,0,0,0,0,0,0,1,0,17.6,Low Risk
6383-ZTSIW,1,39,99.1,3877.95,0,1,0,1,0,0,1,0,0,1,0,1,0,0,0,0,0,1,0,1,1,0,0,0,0,1,0,17.5,Low Risk
2700-LUEVA,0,1,20.75,20.75,1,0,0,1,0,0,0,1,1,0,1,0,1,0,1,0,1,0,1,0,0,0,0,1,0,0,0,17.4,Low Risk
7017-VFULY,0,2,20.1,43.15,0,1,0,1,0,0,0,1,1,0,1,0,1,0,1,0,1,0,1,0,0,0,0,0,0,0,0,17.4,Low Risk
9972-VAFJJ,1,53,94.0,4871.45,0,1,0,1,0,0,1,0,0,0,0,1,0,1,0,1,0,1,0,0,1,0,1,0,1,0,0,17.4,Low Risk
3090-QFUVD,0,1,20.3,20.3,0,0,0,1,0,0,0,1,1,0,1,0,1,0,1,0,1,0,1,0,0,0,0,1,0,0,0,17.2,Low Risk
4184-VODJZ,0,63,91.35,5764.7,1,1,1,1,0,1,1,0,0,0,0,1,0,0,0,0,0,0,0,1,1,0,1,0,1,0,0,17.1,Low Risk
1385-TQOZW,0,9,20.45,147.55,0,0,0,1,0,0,0,1,1,0,1,0,1,0,1,0,1,0,1,0,0,0,1,1,0,0,0,17.1,Low Risk
5140-FOMCQ,0,59,109.15,6557.75,0,1,0,1,0,1,1,0,0,1,0,1,0,1,0,0,0,1,0,1,1,0,1,1,0,0,0,17.0,Low Risk
9909-DFRJA,0,26,95.85,2475.35,0,0,0,1,0,0,1,0,0,1,0,0,0,1,0,1,0,0,0,1,1,0,1,0,0,0,0,16.9,Low Risk
9040-KZVWO,0,26,75.5,2018.1,1,0,0,1,0,0,1,0,0,0,0,1,0,0,0,0,0,0,0,0,1,0,0,0,0,0,0,16.9,Low Risk
5155-AZQPB,0,28,49.9,1410.25,0,1,1,1,0,1,0,0,0,0,0,0,0,0,0,0,0,0,0,0,0,0,0,0,0,1,0,16.8,Low Risk
3413-CSSTH,0,41,55.7,2237.55,1,0,0,1,0,1,0,0,0,0,0,0,0,1,0,0,0,0,0,0,0,0,1,0,0,0,0,16.7,Low Risk
6112-KTHFQ,0,13,19.3,279.3,0,0,0,1,0,0,0,1,1,0,1,0,1,0,1,0,1,0,1,0,0,0,1,0,0,1,0,16.7,Low Risk
4700-UBQMV,0,21,75.9,1549.75,1,1,1,1,0,1,0,0,0,1,0,0,0,0,0,0,0,1,0,1,1,0,1,0,0,0,0,16.6,Low Risk
2659-VXMWZ,0,67,111.3,7482.1,1,1,1,1,0,1,1,0,0,1,0,1,0,1,0,0,0,1,0,1,1,0,1,0,1,0,1,16.3,Low Risk
1629-DQQVB,0,14,50.1,709.5,0,0,0,1,0,0,0,0,0,1,0,0,0,0,0,0,0,0,0,0,0,0,0,0,0,0,0,16.3,Low Risk
9962-BFPDU,0,1,20.05,20.05,0,1,1,1,0,0,0,1,1,0,1,0,1,0,1,0,1,0,1,0,0,0,0,0,0,1,0,16.0,Low Risk
0870-VEMYL,0,5,53.85,259.8,0,0,0,1,0,0,0,0,0,1,0,0,0,0,0,1,0,0,0,0,0,0,0,1,0,0,1,16.0,Low Risk
8433-WPJTV,1,65,103.9,6767.1,0,1,1,1,0,1,1,0,0,0,0,0,0,1,0,1,0,1,0,1,1,0,1,0,0,0,0,16.0,Low Risk
7356-AYNJP,0,4,23.9,97.5,0,0,0,1,0,1,0,1,1,0,1,0,1,0,1,0,1,0,1,0,1,0,0,0,1,0,0,15.9,Low Risk
5473-KHBPS,0,52,95.7,4976.15,0,1,1,1,0,1,1,0,0,0,0,1,0,1,0,0,0,1,0,0,1,0,1,1,0,0,0,15.9,Low Risk
3948-FVVRP,0,9,54.8,452.8,1,1,1,1,0,0,0,0,0,0,0,1,0,0,0,1,0,0,0,0,0,0,0,0,0,1,0,15.9,Low Risk
4402-FTBXC,0,54,89.8,4667.0,1,0,0,1,0,0,1,0,0,1,0,0,0,1,0,0,0,1,0,0,0,0,0,0,0,1,0,15.8,Low Risk
0440-QEXBZ,0,44,50.15,2139.1,0,0,0,1,0,1,0,0,0,0,0,0,0,0,0,0,0,0,0,0,0,0,1,0,0,1,0,15.8,Low Risk
3523-QRQLL,0,22,69.5,1498.2,0,1,1,1,0,0,0,0,0,0,0,1,0,0,0,0,0,1,0,1,1,0,1,0,0,0,1,15.6,Low Risk
0484-FFVBJ,0,32,64.85,2010.95,1,0,0,1,0,0,0,0,0,0,0,0,0,0,0,0,0,1,0,1,1,0,1,0,0,0,0,15.6,Low Risk
5850-BDWCY,0,6,20.2,123.65,0,0,0,1,0,0,0,1,1,0,1,0,1,0,1,0,1,0,1,0,0,0,0,0,0,1,0,15.6,Low Risk
9364-YKUVW,0,15,19.8,309.4,1,0,0,1,0,0,0,1,1,0,1,0,1,0,1,0,1,0,1,0,0,0,1,0,0,1,0,15.6,Low Risk
9986-BONCE,0,4,20.95,85.5,0,0,0,1,0,0,0,1,1,0,1,0,1,0,1,0,1,0,1,0,0,0,0,0,0,0,1,15.5,Low Risk
4075-JFPGR,0,51,93.5,4619.55,0,1,0,1,0,0,1,0,0,1,0,1,0,1,0,0,0,1,0,0,1,0,1,0,1,0,0,15.5,Low Risk
0373-AIVNJ,0,9,39.55,373.0,1,0,0,0,1,0,0,0,0,1,0,1,0,1,0,0,0,0,0,0,1,0,0,0,0,1,0,15.4,Low Risk
6583-SZVGP,0,48,108.1,5067.45,1,0,0,1,0,1,1,0,0,0,0,1,0,1,0,0,0,1,0,1,0,1,1,0,0,0,0,15.4,Low Risk
2040-OBMLJ,0,31,81.7,2548.65,1,0,0,1,0,1,1,0,0,0,0,0,0,0,0,1,0,0,0,0,1,0,0,1,0,0,0,15.4,Low Risk
8053-WWDRO,0,6,19.5,146.3,0,1,0,1,0,0,0,1,1,0,1,0,1,0,1,0,1,0,1,0,0,0,0,0,0,0,1,15.3,Low Risk
1852-XEMDW,0,22,65.05,1427.55,1,0,0,1,0,1,0,0,0,1,0,1,0,1,0,0,0,0,0,0,0,0,0,0,0,1,0,15.3,Low Risk
4190-MFLUW,0,10,55.2,528.35,0,1,1,1,0,0,0,0,0,0,0,0,0,1,0,1,0,0,0,0,0,0,0,1,0,0,1,15.3,Low Risk
3675-EQOZA,0,5,20.65,93.55,1,0,0,1,0,0,0,1,1,0,1,0,1,0,1,0,1,0,1,0,0,0,0,0,0,0,0,15.3,Low Risk
4946-EDSEW,0,11,19.25,180.3,0,1,1,1,0,0,0,1,1,0,1,0,1,0,1,0,1,0,1,0,0,0,1,0,0,1,1,15.1,Low Risk
2159-TURXX,0,5,20.05,95.55,1,0,0,1,0,0,0,1,1,0,1,0,1,0,1,0,1,0,1,0,0,0,0,1,0,0,0,15.1,Low Risk
4701-AHWMW,0,55,54.55,2978.3,1,1,0,0,1,0,0,0,0,0,0,0,0,1,0,1,0,1,0,1,0,0,1,0,0,0,1,14.9,Low Risk
2212-LYASK,0,27,45.85,1246.4,1,1,1,0,1,0,0,0,0,0,0,1,0,1,0,0,0,0,0,1,1,0,1,1,0,0,0,14.8,Low Risk
7764-BDPEE,0,3,20.85,60.65,1,0,1,1,0,0,0,1,1,0,1,0,1,0,1,0,1,0,1,0,0,0,0,0,0,1,0,14.5,Low Risk
1360-XFJMR,0,67,109.7,7344.45,0,1,0,1,0,1,1,0,0,0,0,1,0,1,0,1,0,1,0,1,1,0,1,1,0,0,0,14.4,Low Risk
4079-VTGLK,1,30,74.85,2181.75,1,1,0,1,0,1,0,0,0,0,0,0,0,1,0,0,0,1,0,1,0,1,0,0,1,0,0,14.3,Low Risk
2748-MYRVK,0,63,99.9,6137.0,0,0,0,1,0,1,1,0,0,0,0,1,0,0,0,0,0,1,0,1,1,0,0,0,0,0,1,14.2,Low Risk
7879-CGSFV,0,55,100.9,5552.05,1,0,0,1,0,0,1,0,0,1,0,1,0,0,0,0,0,1,0,1,1,0,1,0,0,1,0,14.2,Low Risk
3011-WQKSZ,0,19,20.0,377.55,1,0,1,1,0,0,0,1,1,0,1,0,1,0,1,0,1,0,1,0,0,0,1,0,1,0,0,14.1,Low Risk
7789-CRUVC,1,61,94.2,5895.45,0,1,0,1,0,1,1,0,0,1,0,1,0,1,0,1,0,0,0,0,0,0,1,1,0,0,0,14.0,Low Risk
5966-EMAZU,0,64,108.5,6880.85,1,1,0,1,0,1,1,0,0,1,0,0,0,1,0,1,0,1,0,1,1,0,1,0,0,1,0,14.0,Low Risk
5440-VHLUL,0,69,105.2,7386.05,1,0,0,1,0,1,1,0,0,0,0,1,0,0,0,1,0,1,0,1,1,0,1,0,0,0,0,14.0,Low Risk
3865-ZYKAD,1,69,84.9,5785.65,1,1,0,1,0,1,1,0,0,1,0,1,0,0,0,0,0,0,0,0,0,0,1,1,0,0,0,13.9,Low Risk
4332-MUOEZ,1,20,94.3,1818.3,1,1,1,1,0,0,1,0,0,1,0,0,0,1,0,1,0,0,0,1,1,0,0,1,0,0,0,13.8,Low Risk
5014-WUQMG,0,47,96.1,4391.45,1,1,1,1,0,0,1,0,0,1,0,1,0,1,0,0,0,0,0,1,1,0,1,0,1,0,0,13.8,Low Risk
9115-YQHGA,0,40,51.1,2092.9,1,0,0,1,0,0,0,0,0,0,0,0,0,0,0,1,0,0,0,0,0,0,1,0,1,0,0,13.7,Low Risk
2969-WGHQO,0,7,69.45,477.05,0,1,1,1,0,0,0,0,0,1,0,1,0,1,0,0,0,1,0,0,1,0,0,0,1,0,0,13.7,Low Risk
5863-OOKCL,0,10,18.85,163.2,0,0,0,1,0,0,0,1,1,0,1,0,1,0,1,0,1,0,1,0,0,0,0,0,0,1,0,13.7,Low Risk
0665-XHDJU,0,72,99.4,7285.7,1,1,0,1,0,1,1,0,0,0,0,1,0,0,0,0,0,1,0,1,0,1,1,0,1,0,0,13.6,Low Risk
2972-YDYUW,0,57,94.7,5468.95,0,0,0,1,0,1,1,0,0,0,0,1,0,0,0,1,0,0,0,1,1,0,0,0,1,0,0,13.5,Low Risk
2001-MCUUW,0,46,108.65,4903.2,1,0,0,1,0,1,1,0,0,0,0,1,0,1,0,1,0,1,0,1,0,1,0,0,1,0,0,13.4,Low Risk
3077-RSNTJ,0,6,19.7,113.5,0,1,1,1,0,0,0,1,1,0,1,0,1,0,1,0,1,0,1,0,0,0,0,0,0,1,0,13.3,Low Risk
6164-HXUGH,0,6,19.85,119.3,0,1,1,1,0,0,0,1,1,0,1,0,1,0,1,0,1,0,1,0,0,0,0,0,0,1,0,13.2,Low Risk
8849-GYOKR,0,54,106.55,5763.3,0,1,0,1,0,1,1,0,0,1,0,1,0,0,0,0,0,1,0,1,1,0,0,0,0,0,1,13.2,Low Risk
5240-CAOYT,0,57,87.55,4884.85,0,0,0,1,0,1,1,0,0,1,0,1,0,0,0,1,0,0,0,0,0,0,1,0,0,0,0,13.2,Low Risk
5533-RJFTJ,0,49,30.2,1453.1,1,0,0,0,1,0,0,0,0,0,0,0,0,1,0,0,0,0,0,0,0,0,1,0,0,0,0,13.1,Low Risk
4830-FAXFM,0,19,24.1,439.2,1,0,1,1,0,1,0,1,1,0,1,0,1,0,1,0,1,0,1,0,0,0,1,1,0,0,0,13.1,Low Risk
0997-YTLNY,0,19,48.8,953.65,0,0,1,1,0,0,0,0,0,0,0,0,0,0,0,1,0,0,0,0,0,0,0,0,0,1,0,13.1,Low Risk
0447-BEMNG,0,48,45.3,2145.0,0,1,0,0,1,0,0,0,0,1,0,0,0,1,0,0,0,0,0,1,0,0,1,0,0,0,1,13.1,Low Risk
6198-PNNSZ,0,56,109.8,6109.65,0,1,0,1,0,1,1,0,0,1,0,1,0,1,0,0,0,1,0,1,1,0,0,0,0,0,0,13.0,Low Risk
5566-SOEZD,0,27,80.65,2209.75,1,1,1,1,0,0,1,0,0,1,0,1,0,0,0,0,0,0,0,0,1,0,1,1,0,0,0,13.0,Low Risk
5921-NGYRH,0,64,73.55,4764.0,1,1,0,1,0,0,1,0,0,1,0,0,0,0,0,0,0,0,0,0,0,0,1,0,0,1,0,13.0,Low Risk
2923-ARZLG,0,0,19.7,0.0,1,1,1,1,0,0,0,1,1,0,1,0,1,0,1,0,1,0,1,0,1,0,1,0,0,1,0,12.9,Low Risk
4489-SNOJF,0,35,72.25,2568.55,0,1,1,1,0,1,0,0,0,1,0,0,0,1,0,1,0,1,0,0,0,0,0,0,1,0,1,12.8,Low Risk
2233-TXSIU,0,17,44.45,792.15,1,1,1,0,1,0,0,0,0,1,0,0,0,1,0,0,0,1,0,0,1,0,0,1,0,0,0,12.8,Low Risk
2001-EWBQU,0,60,104.7,6333.8,0,0,0,1,0,1,1,0,0,0,0,1,0,1,0,0,0,1,0,1,0,1,0,0,1,0,0,12.7,Low Risk
2428-ZMCTB,0,10,19.75,208.25,1,0,0,1,0,0,0,1,1,0,1,0,1,0,1,0,1,0,1,0,0,0,0,1,0,0,0,12.6,Low Risk
9357-UJRUN,0,24,58.35,1346.9,1,1,0,1,0,1,0,0,0,1,0,0,0,0,0,1,0,0,0,0,1,0,1,0,1,0,0,12.6,Low Risk
9633-DENPU,0,47,58.6,2723.4,0,1,0,1,0,0,0,0,0,0,0,1,0,0,0,0,0,1,0,0,0,0,1,0,0,0,0,12.6,Low Risk
8671-KKKOS,0,46,45.55,2062.15,0,1,0,0,1,0,0,0,0,1,0,1,0,0,0,0,0,1,0,0,0,0,0,0,1,0,0,12.5,Low Risk
2019-HDCZY,0,63,102.6,6296.75,1,1,0,1,0,1,1,0,0,0,0,0,0,1,0,0,0,1,0,1,0,1,0,0,1,0,0,12.4,Low Risk
2294-DMMUS,0,62,70.45,4300.45,0,1,1,1,0,1,0,0,0,0,0,0,0,0,0,0,0,1,0,1,0,0,1,1,0,0,0,12.3,Low Risk
9367-TCUYN,0,12,20.1,223.6,0,0,0,1,0,0,0,1,1,0,1,0,1,0,1,0,1,0,1,0,0,0,0,0,0,1,0,12.3,Low Risk
6838-HVLXG,0,12,20.3,246.7,0,0,0,1,0,0,0,1,1,0,1,0,1,0,1,0,1,0,1,0,0,0,0,0,0,1,0,12.3,Low Risk
5081-NWSUP,0,10,64.9,685.55,0,0,0,1,0,0,0,0,0,0,0,1,0,0,0,1,0,0,0,1,1,0,0,0,0,1,0,12.3,Low Risk
1346-PJWTK,0,61,94.15,5731.85,1,1,0,1,0,0,1,0,0,0,0,1,0,1,0,1,0,0,0,1,0,0,0,1,0,0,0,12.2,Low Risk
3623-FQBOX,0,21,19.95,416.4,1,0,0,1,0,0,0,1,1,0,1,0,1,0,1,0,1,0,1,0,0,0,1,0,0,1,0,12.2,Low Risk
3680-CTHUH,0,60,116.6,7049.5,1,0,0,1,0,1,1,0,0,1,0,1,0,1,0,1,0,1,0,1,1,0,1,1,0,0,0,12.2,Low Risk
6900-RBKER,0,52,89.45,4577.75,1,0,0,1,0,1,1,0,0,0,0,0,0,1,0,0,0,0,0,1,0,1,1,1,0,0,0,12.1,Low Risk
8401-EMUWF,0,42,69.4,3058.3,1,1,1,1,0,1,0,0,0,1,0,1,0,0,0,0,0,1,0,0,0,0,1,0,0,0,0,12.1,Low Risk
7572-KPVKK,0,62,104.05,6590.5,1,0,1,1,0,1,1,0,0,0,0,0,0,1,0,1,0,1,0,1,0,1,1,0,1,0,0,12.1,Low Risk
9256-JTBNZ,0,11,20.3,246.3,0,0,0,1,0,0,0,1,1,0,1,0,1,0,1,0,1,0,1,0,0,0,0,0,0,0,0,12.0,Low Risk
0297-RBCSG,0,19,65.35,1231.85,1,0,0,1,0,0,0,0,0,0,0,1,0,0,0,1,0,0,0,1,1,0,1,0,0,0,0,12.0,Low Risk
9039-RBEEE,0,39,48.95,1880.85,1,0,0,0,1,0,0,0,0,1,0,1,0,0,0,1,0,1,0,0,0,0,1,1,0,0,1,11.9,Low Risk
3181-MIZBN,0,16,19.75,313.4,1,1,1,1,0,0,0,1,1,0,1,0,1,0,1,0,1,0,1,0,0,0,0,0,1,0,0,11.8,Low Risk
4002-BQWPQ,0,25,81.75,2028.8,1,0,0,1,0,1,0,0,0,1,0,1,0,1,0,1,0,0,0,1,0,0,0,0,0,0,0,11.8,Low Risk
4353-HYOJD,0,27,49.85,1336.15,0,1,1,1,0,0,0,0,0,0,0,1,0,0,0,0,0,0,0,0,0,0,0,0,0,1,0,11.7,Low Risk
7311-MQJCH,0,5,19.55,99.6,0,0,0,1,0,0,0,1,1,0,1,0,1,0,1,0,1,0,1,0,1,0,0,0,1,0,0,11.7,Low Risk
9480-BQJEI,0,62,92.3,5731.45,1,0,0,1,0,1,1,0,0,1,0,1,0,0,0,0,0,0,0,1,1,0,1,0,0,0,0,11.7,Low Risk
9107-UKCKY,0,61,79.8,4914.8,1,1,0,1,0,1,0,0,0,0,0,1,0,1,0,0,0,1,0,1,1,0,1,0,1,0,0,11.7,Low Risk
8457-XIGKN,0,20,19.6,356.15,1,0,0,1,0,0,0,1,1,0,1,0,1,0,1,0,1,0,1,0,0,0,1,1,0,0,0,11.6,Low Risk
0257-KXZGU,0,32,62.45,2045.55,0,1,1,1,0,1,0,0,0,0,0,1,0,1,0,0,0,0,0,0,0,0,0,0,0,0,0,11.6,Low Risk
7159-NOKYQ,0,67,93.15,6368.2,1,1,0,1,0,1,1,0,0,0,0,1,0,1,0,0,0,0,0,1,0,1,1,0,1,0,0,11.6,Low Risk
8735-NBLWT,0,9,20.4,184.1,1,0,1,1,0,0,0,1,1,0,1,0,1,0,1,0,1,0,1,0,0,0,0,0,0,1,0,11.6,Low Risk
5025-GOOKI,0,20,18.9,347.65,0,0,0,1,0,0,0,1,1,0,1,0,1,0,1,0,1,0,1,0,0,0,1,1,0,0,0,11.5,Low Risk
7531-GQHME,0,12,20.05,265.45,1,0,0,1,0,0,0,1,1,0,1,0,1,0,1,0,1,0,1,0,0,0,0,1,0,0,0,11.5,Low Risk
0076-LVEPS,0,29,45.0,1242.45,1,0,1,0,1,0,0,0,0,1,0,1,0,1,0,1,0,0,0,0,0,0,1,0,0,1,0,11.4,Low Risk
0516-UXRMT,0,62,92.05,5755.8,0,0,0,1,0,1,1,0,0,1,0,1,0,1,0,0,0,0,0,0,1,0,1,0,1,0,0,11.3,Low Risk
2307-FYNNL,1,65,109.05,7108.2,1,0,0,1,0,1,1,0,0,1,0,0,0,1,0,1,0,1,0,1,0,1,1,0,1,0,0,11.2,Low Risk
4785-QRJHC,1,46,59.9,2816.65,1,1,0,0,1,0,0,0,0,0,0,1,0,1,0,1,0,1,0,1,1,0,1,0,0,0,1,11.2,Low Risk
5161-XEUVX,0,37,94.3,3460.95,1,1,0,1,0,1,1,0,0,0,0,0,0,1,0,1,0,1,0,0,0,1,0,0,0,1,0,11.1,Low Risk
3729-OWRVL,1,65,110.35,7246.15,1,0,0,1,0,1,1,0,0,1,0,0,0,1,0,1,0,1,0,1,0,1,1,0,1,0,0,11.1,Low Risk
6568-POCUI,0,45,95.2,4285.8,0,1,0,1,0,0,1,0,0,0,0,0,0,0,0,1,0,1,0,1,0,1,1,1,0,0,0,10.8,Low Risk
7641-TQFHN,0,39,100.55,3895.35,1,0,1,1,0,1,1,0,0,0,0,0,0,0,0,1,0,1,0,1,0,1,0,0,0,1,0,10.8,Low Risk
6297-NOOPG,0,70,110.5,7752.05,0,1,0,1,0,1,1,0,0,0,0,1,0,1,0,1,0,1,0,1,0,1,1,0,1,0,0,10.8,Low Risk
0440-UEDAI,0,53,94.45,5042.75,0,0,0,1,0,0,1,0,0,0,0,1,0,1,0,1,0,0,0,1,1,0,1,1,0,0,0,10.8,Low Risk
8034-RYTVV,0,55,84.25,4589.85,0,0,0,1,0,1,1,0,0,1,0,0,0,1,0,0,0,0,0,0,1,0,1,1,0,0,0,10.7,Low Risk
1131-SUEKT,0,61,98.45,6145.2,1,1,1,1,0,0,1,0,0,0,0,1,0,0,0,1,0,1,0,1,1,0,1,0,0,0,0,10.7,Low Risk
0377-JBKKT,0,22,57.95,1271.8,1,1,1,1,0,0,0,0,0,1,0,1,0,0,0,1,0,0,0,0,0,0,1,0,0,1,0,10.6,Low Risk
6933-FHBZC,0,26,56.05,1553.2,0,0,0,1,0,0,0,0,0,0,0,1,0,1,0,0,0,0,0,0,1,0,1,0,0,1,0,10.6,Low Risk
1218-VKFPE,0,12,19.0,233.55,0,1,1,1,0,0,0,1,1,0,1,0,1,0,1,0,1,0,1,0,0,0,0,0,0,1,1,10.6,Low Risk
3571-DPYUH,0,58,94.7,5430.35,1,1,1,1,0,1,1,0,0,0,0,1,0,0,0,1,0,1,0,0,1,0,1,1,0,0,0,10.5,Low Risk
0536-ACXIP,0,72,109.55,8165.1,0,1,0,1,0,1,1,0,0,1,0,1,0,1,0,0,0,1,0,1,0,1,1,0,1,0,0,10.5,Low Risk
6784-XYJAE,0,36,55.8,1941.5,0,0,0,1,0,1,0,0,0,0,0,0,0,1,0,0,0,0,0,0,1,0,0,0,1,0,0,10.5,Low Risk
2958-NHPPS,0,23,20.85,473.9,1,0,0,1,0,0,0,1,1,0,1,0,1,0,1,0,1,0,1,0,0,0,0,0,1,0,0,10.4,Low Risk
7803-XOCCZ,0,52,84.05,4326.8,0,1,1,1,0,0,1,0,0,1,0,0,0,1,0,1,0,0,0,0,0,0,1,0,0,0,0,10.4,Low Risk
7666-WKRON,0,39,80.45,3201.55,0,0,0,1,0,0,1,0,0,0,0,0,0,1,0,1,0,0,0,0,0,1,1,0,1,0,1,10.4,Low Risk
9378-FXTIZ,0,54,70.15,3715.65,0,1,0,1,0,1,0,0,0,0,0,0,0,0,0,0,0,1,0,1,1,0,1,1,0,0,1,10.3,Low Risk
9128-CPXKI,0,59,95.8,5655.45,0,0,0,1,0,0,1,0,0,0,0,0,0,1,0,0,0,1,0,1,0,1,0,0,1,0,0,10.3,Low Risk
0743-HRVFF,0,51,56.15,2898.95,0,1,1,0,1,0,0,0,0,0,0,0,0,1,0,1,0,1,0,1,1,0,1,0,1,0,0,10.2,Low Risk
3733-UOCWF,1,61,85.55,5251.75,1,1,0,1,0,1,1,0,0,0,0,1,0,0,0,1,0,0,0,0,1,0,1,0,0,0,0,10.2,Low Risk
2165-VOEGB,0,46,105.2,4822.85,0,0,1,1,0,0,1,0,0,1,0,1,0,0,0,1,0,1,0,1,1,0,1,0,0,0,1,10.0,Low Risk
2926-JEJJC,0,8,20.2,140.95,0,0,0,1,0,0,0,1,1,0,1,0,1,0,1,0,1,0,1,0,1,0,1,0,0,0,0,10.0,Low Risk
9143-CANJF,0,24,55.15,1319.85,0,1,1,1,0,0,0,0,0,1,0,0,0,0,0,1,0,0,0,0,0,0,0,0,1,0,0,10.0,Low Risk
5360-LJCNJ,0,71,105.15,7555.0,0,1,0,1,0,1,1,0,0,0,0,1,0,1,0,0,0,1,0,1,0,1,1,0,0,0,0,9.9,Low Risk
4419-UJMUS,0,69,99.35,6856.45,1,1,1,1,0,1,1,0,0,0,0,0,0,0,0,1,0,1,0,1,0,1,1,0,1,0,0,9.8,Low Risk
1492-QGCLU,0,53,85.7,4616.1,1,1,1,1,0,1,0,0,0,1,0,0,0,1,0,1,0,1,0,1,0,0,0,0,1,0,0,9.8,Low Risk
3594-UVONA,0,35,85.95,3110.1,0,0,0,1,0,1,0,0,0,1,0,0,0,1,0,1,0,1,0,1,1,0,1,1,0,0,1,9.7,Low Risk
5808-TOTXO,0,3,20.55,57.4,0,0,1,1,0,0,0,1,1,0,1,0,1,0,1,0,1,0,1,0,1,0,1,1,0,0,0,9.7,Low Risk
2533-QVMSK,0,61,94.1,5638.3,1,1,0,1,0,1,1,0,0,0,0,1,0,0,0,1,0,1,0,0,0,1,1,0,1,0,1,9.5,Low Risk
0289-IVARM,0,35,60.55,1982.6,0,0,0,1,0,0,0,0,0,1,0,1,0,1,0,0,0,0,0,0,0,0,0,0,1,0,0,9.5,Low Risk
8780-RSYYU,0,25,19.2,532.1,0,0,0,1,0,0,0,1,1,0,1,0,1,0,1,0,1,0,1,0,0,0,1,1,0,0,0,9.5,Low Risk
3896-RCYYE,0,67,53.4,3579.15,0,0,0,0,1,0,0,0,0,0,0,0,0,1,0,1,0,1,0,1,0,0,1,1,0,0,0,9.5,Low Risk
5619-XZZKR,0,4,19.95,68.2,1,0,0,1,0,0,0,1,1,0,1,0,1,0,1,0,1,0,1,0,1,0,0,0,0,1,0,9.4,Low Risk
6598-RFFVI,0,2,19.3,28.3,1,0,0,1,0,0,0,1,1,0,1,0,1,0,1,0,1,0,1,0,1,0,0,1,0,0,1,9.4,Low Risk
8909-BOLNL,0,3,21.2,52.05,1,0,0,1,0,0,0,1,1,0,1,0,1,0,1,0,1,0,1,0,1,0,0,0,0,1,0,9.4,Low Risk
9972-NKTFD,0,28,54.65,1517.5,0,0,0,1,0,0,0,0,0,0,0,1,0,0,0,1,0,0,0,0,0,0,0,0,0,0,0,9.3,Low Risk
2272-WUSPA,0,72,110.75,7751.7,0,1,0,1,0,1,1,0,0,1,0,1,0,1,0,0,0,1,0,1,0,1,1,0,1,0,0,9.3,Low Risk
9052-DHNKM,0,26,61.55,1581.95,1,0,0,1,0,1,0,0,0,1,0,1,0,0,0,0,0,0,0,0,1,0,0,0,1,0,0,9.3,Low Risk
6968-MHOMU,0,58,45.0,2689.35,1,1,0,0,1,0,0,0,0,0,0,0,0,0,0,0,0,1,0,1,1,0,1,1,0,0,0,9.2,Low Risk
9330-VOFSZ,0,60,110.8,6640.7,0,1,0,1,0,1,1,0,0,0,0,1,0,1,0,1,0,1,0,1,0,1,1,1,0,0,0,9.2,Low Risk
9715-WZCLW,0,71,97.2,6910.3,1,1,1,1,0,1,1,0,0,1,0,0,0,0,0,0,0,1,0,1,0,1,1,0,1,0,0,9.2,Low Risk
5236-PERKL,0,57,112.95,6465.0,0,0,0,1,0,1,1,0,0,1,0,1,0,1,0,0,0,1,0,1,0,1,1,0,0,0,1,9.2,Low Risk
2967-MXRAV,0,1,18.8,18.8,1,1,1,1,0,0,0,1,1,0,1,0,1,0,1,0,1,0,1,0,1,0,0,0,0,1,0,9.1,Low Risk
3096-WPXBT,0,61,100.7,6018.65,0,1,1,1,0,1,1,0,0,1,0,1,0,1,0,0,0,0,0,1,1,0,1,1,0,0,0,9.1,Low Risk
1530-ZTDOZ,0,49,40.65,2070.75,0,1,0,0,1,0,0,0,0,1,0,0,0,0,0,0,0,1,0,0,0,0,0,0,0,0,0,9.1,Low Risk
9013-AQORL,0,48,45.55,2108.35,0,0,1,0,1,0,0,0,0,0,0,1,0,1,0,0,0,0,0,1,0,0,0,1,0,0,0,9.0,Low Risk
5027-YOCXN,0,51,110.05,5686.4,1,1,1,1,0,1,1,0,0,1,0,1,0,0,0,1,0,1,0,1,1,0,0,1,0,0,0,9.0,Low Risk
3893-JRNFS,0,68,39.9,2796.35,1,0,0,0,1,0,0,0,0,0,0,0,0,1,0,0,0,0,0,1,0,0,1,0,0,0,0,9.0,Low Risk
1744-JHKYS,0,34,24.7,780.2,0,1,0,1,0,1,0,1,1,0,1,0,1,0,1,0,1,0,1,0,0,0,0,0,1,0,0,9.0,Low Risk
6968-URWQU,0,43,56.35,2391.15,1,1,0,1,0,0,0,0,0,0,0,0,0,0,0,0,0,1,0,0,1,0,1,0,0,1,0,8.9,Low Risk
6242-SGYTS,0,62,94.95,5791.85,1,1,1,1,0,1,1,0,0,1,0,1,0,0,0,0,0,1,0,0,1,0,1,1,0,0,0,8.9,Low Risk
4759-PXTAN,0,59,80.1,4693.2,0,1,0,1,0,1,0,0,0,0,0,1,0,0,0,1,0,1,0,1,1,0,1,0,1,0,0,8.9,Low Risk
6993-YCOBK,0,60,110.6,6586.85,1,1,1,1,0,1,1,0,0,1,0,0,0,1,0,1,0,1,0,1,0,1,1,0,1,0,0,8.9,Low Risk
1730-VFMWO,0,34,50.2,1815.3,0,1,0,1,0,0,0,0,0,0,0,0,0,0,0,1,0,0,0,0,0,0,0,0,0,0,0,8.9,Low Risk
5445-PZWGX,0,62,102.0,6529.25,1,0,0,1,0,1,1,0,0,1,0,1,0,0,0,1,0,0,0,1,1,0,0,0,1,0,1,8.8,Low Risk
7654-YWJUF,0,43,84.25,3539.25,1,1,0,1,0,0,1,0,0,1,0,0,0,1,0,1,0,0,0,0,1,0,1,0,0,0,0,8.8,Low Risk
0725-CXOTM,0,36,89.65,3348.1,0,0,0,1,0,1,0,0,0,1,0,0,0,1,0,1,0,1,0,1,1,0,1,1,0,0,0,8.8,Low Risk
5514-YQENT,0,41,111.15,4507.15,1,0,1,1,0,0,1,0,0,1,0,1,0,1,0,1,0,1,0,1,0,1,1,0,1,0,0,8.8,Low Risk
4501-UYKBC,1,46,69.1,3255.35,0,0,0,1,0,1,0,0,0,0,0,0,0,1,0,1,0,0,0,1,1,0,1,1,0,0,0,8.7,Low Risk
8582-KRHPJ,0,50,35.0,1782.4,1,0,0,0,1,0,0,0,0,1,0,1,0,0,0,0,0,0,0,0,0,0,1,0,0,1,0,8.7,Low Risk
1729-VLAZJ,0,10,40.25,411.45,0,0,1,0,1,0,0,0,0,1,0,1,0,0,0,1,0,0,0,0,1,0,0,0,0,1,0,8.7,Low Risk
2239-CFOUJ,0,1,20.4,20.4,1,1,1,1,0,0,0,1,1,0,1,0,1,0,1,0,1,0,1,0,1,0,0,0,0,1,0,8.7,Low Risk
2250-IVBWA,0,64,81.05,5135.35,1,1,1,1,0,0,1,0,0,1,0,1,0,0,0,0,0,0,0,0,0,0,0,0,1,0,0,8.6,Low Risk
1395-OFUWC,0,43,29.3,1224.05,1,1,1,0,1,0,0,0,0,0,0,1,0,0,0,0,0,0,0,0,0,0,0,1,0,0,0,8.6,Low Risk
9586-JGQKH,0,64,105.4,6794.75,0,1,0,1,0,1,1,0,0,0,0,1,0,0,0,1,0,1,0,1,0,1,1,0,0,0,0,8.6,Low Risk
5537-UXXVS,0,20,19.25,375.25,0,1,0,1,0,0,0,1,1,0,1,0,1,0,1,0,1,0,1,0,0,0,0,0,0,0,0,8.6,Low Risk
6766-HFKLA,0,56,103.2,5744.35,0,1,0,1,0,1,1,0,0,0,0,0,0,1,0,1,0,1,0,1,0,1,0,0,0,0,0,8.6,Low Risk
4464-JCOLN,0,2,19.85,35.9,1,1,1,1,0,0,0,1,1,0,1,0,1,0,1,0,1,0,1,0,1,0,0,0,0,1,1,8.5,Low Risk
2930-UOTMB,0,31,65.25,1994.3,0,0,0,1,0,1,0,0,0,1,0,0,0,1,0,1,0,0,0,0,0,0,0,1,0,0,1,8.5,Low Risk
2834-JKOOW,0,15,45.9,693.45,0,0,0,0,1,0,0,0,0,1,0,1,0,1,0,1,0,0,0,0,1,0,0,0,0,1,0,8.5,Low Risk
5701-GUXDC,0,26,35.4,978.6,0,1,0,0,1,0,0,0,0,1,0,0,0,1,0,0,0,0,0,0,1,0,0,1,0,0,0,8.5,Low Risk
7997-EASSD,0,63,81.2,4965.1,0,1,0,1,0,1,1,0,0,0,0,0,0,0,0,1,0,0,0,0,1,0,1,1,0,0,0,8.4,Low Risk
5446-DKWYW,1,61,65.2,3965.05,0,1,1,1,0,1,0,0,0,0,0,0,0,1,0,0,0,1,0,0,1,0,1,0,1,0,0,8.4,Low Risk
5709-LVOEQ,0,0,80.85,0.0,0,1,1,1,0,0,0,0,0,1,0,1,0,1,0,0,0,1,0,1,0,1,0,0,0,1,0,8.4,Low Risk
7036-TYDEC,0,69,104.0,7028.5,0,0,0,1,0,1,1,0,0,0,0,0,0,1,0,1,0,1,0,1,0,1,0,0,1,0,0,8.3,Low Risk
9405-GPBBG,0,64,110.5,7069.25,0,0,0,1,0,1,1,0,0,0,0,1,0,1,0,1,0,1,0,1,0,1,1,1,0,0,0,8.3,Low Risk
0106-UGRDO,0,69,116.0,8182.85,0,1,0,1,0,1,1,0,0,1,0,1,0,1,0,1,0,1,0,1,0,1,1,0,1,0,0,8.2,Low Risk
8089-UZWLX,1,71,104.05,7413.55,0,0,0,1,0,1,1,0,0,0,0,0,0,1,0,0,0,1,0,1,0,1,0,0,0,0,0,8.1,Low Risk
1264-FUHCX,0,49,56.3,2780.6,0,1,0,0,1,0,0,0,0,0,0,1,0,0,0,1,0,1,0,1,1,0,1,1,0,0,0,8.1,Low Risk
3354-OADJP,0,8,54.25,447.75,0,0,0,1,0,0,0,0,0,1,0,0,0,0,0,1,0,0,0,0,1,0,0,0,0,0,0,8.0,Low Risk
8646-JCOMS,0,66,90.55,6130.95,0,1,0,1,0,1,1,0,0,0,0,1,0,1,0,1,0,0,0,0,1,0,1,0,0,0,0,8.0,Low Risk
7010-ZMVBF,0,18,20.45,357.0,0,1,1,1,0,0,0,1,1,0,1,0,1,0,1,0,1,0,1,0,0,0,0,0,0,1,0,8.0,Low Risk
7816-VGHTO,0,6,40.55,217.5,0,1,1,0,1,0,0,0,0,0,0,1,0,1,0,1,0,0,0,0,0,1,0,0,0,1,0,7.9,Low Risk
2129-ALKBS,0,40,26.2,1077.5,0,1,1,1,0,1,0,1,1,0,1,0,1,0,1,0,1,0,1,0,0,0,1,0,1,0,0,7.9,Low Risk
7691-XVTZH,0,68,89.95,5974.3,0,1,0,1,0,1,1,0,0,0,0,0,0,1,0,0,0,1,0,0,0,1,1,0,0,0,0,7.9,Low Risk
1038-RQOST,0,19,20.6,414.95,1,1,1,1,0,0,0,1,1,0,1,0,1,0,1,0,1,0,1,0,0,0,0,0,0,1,0,7.8,Low Risk
7492-TAFJD,0,7,38.55,280.0,1,1,1,0,1,0,0,0,0,1,0,1,0,1,0,0,0,0,0,0,0,1,0,0,0,1,0,7.8,Low Risk
0164-APGRB,0,72,114.9,8496.7,0,0,0,1,0,1,1,0,0,1,0,1,0,1,0,1,0,1,0,1,0,1,1,0,1,0,0,7.7,Low Risk
9473-CBZOP,0,28,59.0,1654.45,0,0,0,1,0,1,0,0,0,1,0,0,0,1,0,0,0,0,0,0,1,0,0,0,0,1,0,7.7,Low Risk
0628-CNQRM,0,22,67.5,1544.05,1,1,1,1,0,0,0,0,0,1,0,0,0,1,0,1,0,1,0,0,1,0,1,0,0,0,1,7.7,Low Risk
3229-USWAR,0,34,79.95,2727.3,0,0,0,1,0,0,0,0,0,1,0,0,0,1,0,1,0,1,0,1,1,0,1,0,0,0,0,7.7,Low Risk
2746-DIJLO,0,41,56.3,2364.0,0,0,0,1,0,1,0,0,0,0,0,1,0,0,0,0,0,0,0,0,1,0,1,1,0,0,0,7.6,Low Risk
3324-OIRTO,0,71,104.65,7288.4,1,1,1,1,0,0,1,0,0,1,0,1,0,1,0,0,0,1,0,1,1,0,1,0,0,0,0,7.6,Low Risk
9308-ANMVE,0,47,55.3,2654.05,1,0,1,1,0,0,0,0,0,1,0,1,0,0,0,0,0,0,0,0,0,0,1,0,1,0,0,7.6,Low Risk
5857-XRECV,0,2,20.5,38.25,0,0,1,1,0,0,0,1,1,0,1,0,1,0,1,0,1,0,1,0,1,0,0,0,0,0,0,7.5,Low Risk
4223-BKEOR,0,21,64.85,1336.8,0,0,1,1,0,0,0,0,0,1,0,0,0,1,0,0,0,0,0,1,1,0,0,0,0,1,0,7.5,Low Risk
0661-KBKPA,0,53,78.75,3942.45,1,1,1,1,0,1,0,0,0,0,0,0,0,1,0,1,0,1,0,1,1,0,1,0,0,1,0,7.4,Low Risk
9866-OCCKE,1,72,109.75,8075.35,0,1,0,1,0,1,1,0,0,1,0,0,0,1,0,1,0,1,0,1,0,1,1,0,0,1,0,7.4,Low Risk
1545-JFUML,0,71,99.0,6994.6,1,1,0,1,0,1,1,0,0,1,0,1,0,1,0,0,0,1,0,0,0,1,1,0,1,0,0,7.3,Low Risk
0980-FEXWF,0,26,50.35,1285.8,1,1,1,1,0,0,0,0,0,0,0,0,0,1,0,0,0,0,0,0,1,0,0,0,0,1,0,7.3,Low Risk
9931-KGHOA,0,46,55.0,2473.95,0,1,0,1,0,1,0,0,0,1,0,0,0,0,0,0,0,0,0,0,0,0,0,0,0,0,0,7.3,Low Risk
5018-LXQQG,0,30,66.3,1923.5,0,1,1,1,0,0,0,0,0,1,0,0,0,0,0,1,0,0,0,1,0,0,0,0,0,0,0,7.2,Low Risk
1952-DVVSW,0,10,20.1,184.4,0,1,0,1,0,0,0,1,1,0,1,0,1,0,1,0,1,0,1,0,1,0,0,0,0,1,0,7.2,Low Risk
5271-YNWVR,0,68,113.15,7856.0,1,1,1,1,0,1,1,0,0,1,0,1,0,1,0,1,0,1,0,1,0,1,1,0,1,0,1,7.2,Low Risk
8573-JGCZW,0,17,19.65,351.55,1,0,0,1,0,0,0,1,1,0,1,0,1,0,1,0,1,0,1,0,1,0,1,0,0,0,0,7.2,Low Risk
2877-VDUER,0,35,40.9,1383.6,0,1,1,0,1,0,0,0,0,0,0,0,0,0,0,1,0,1,0,0,1,0,0,0,0,1,0,7.2,Low Risk
7663-CUXZB,0,59,113.75,6561.25,1,1,0,1,0,1,1,0,0,1,0,1,0,1,0,1,0,1,0,1,0,1,0,0,1,0,0,7.2,Low Risk
7649-PHJVR,0,11,19.5,226.8,1,0,0,1,0,0,0,1,1,0,1,0,1,0,1,0,1,0,1,0,1,0,0,0,0,1,0,7.1,Low Risk
6682-QJDGB,0,40,55.25,2139.2,1,0,1,1,0,0,0,0,0,1,0,1,0,0,0,0,0,0,0,0,0,0,1,0,0,1,1,7.1,Low Risk
8819-ZBYNA,0,58,109.1,6393.65,0,1,0,1,0,1,1,0,0,1,0,1,0,0,0,1,0,1,0,1,0,1,1,1,0,0,0,7.1,Low Risk
5049-MUBWG,0,26,75.0,1908.35,1,0,0,1,0,0,0,0,0,1,0,0,0,0,0,1,0,1,0,1,1,0,0,0,0,0,0,7.0,Low Risk
0983-TATYJ,0,33,51.45,1758.9,0,1,0,1,0,0,0,0,0,0,0,0,0,0,0,1,0,0,0,0,1,0,1,0,0,1,0,7.0,Low Risk
1444-VVSGW,0,70,115.65,7968.85,1,1,0,1,0,1,1,0,0,1,0,1,0,1,0,1,0,1,0,1,1,0,0,1,0,0,1,7.0,Low Risk
7762-ONLJY,0,6,19.7,94.45,0,1,1,1,0,0,0,1,1,0,1,0,1,0,1,0,1,0,1,0,1,0,0,0,0,1,0,7.0,Low Risk
5062-CJJKH,0,25,53.65,1355.45,1,1,1,1,0,0,0,0,0,0,0,1,0,1,0,0,0,0,0,0,1,0,0,0,0,1,0,6.9,Low Risk
2522-WLNSF,1,34,64.2,2106.3,0,1,0,1,0,0,0,0,0,0,0,0,0,1,0,1,0,1,0,0,1,0,0,0,0,0,0,6.9,Low Risk
9313-QOLTZ,0,26,20.9,518.3,1,0,0,1,0,0,0,1,1,0,1,0,1,0,1,0,1,0,1,0,0,0,0,0,0,1,0,6.9,Low Risk
2408-PSJVE,0,44,61.9,2924.05,1,1,1,1,0,0,0,0,0,0,0,1,0,1,0,1,0,0,0,0,0,0,1,0,0,1,0,6.9,Low Risk
6734-FQAJX,1,67,105.05,7171.7,1,0,0,1,0,0,1,0,0,1,0,1,0,0,0,1,0,1,0,1,0,1,1,0,1,0,0,6.9,Low Risk
9402-ROUMJ,0,67,100.25,6689.0,0,1,1,1,0,1,1,0,0,1,0,0,0,1,0,1,0,0,0,1,1,0,1,0,0,0,0,6.9,Low Risk
4137-JOPHL,0,50,89.7,4304.5,0,0,0,1,0,0,1,0,0,0,0,0,0,1,0,1,0,0,0,1,0,1,1,0,0,0,0,6.9,Low Risk
6967-PEJLL,0,37,40.2,1525.35,1,1,1,0,1,0,0,0,0,1,0,0,0,1,0,1,0,0,0,0,1,0,1,0,1,0,0,6.9,Low Risk
5753-QQWPW,0,28,59.9,1654.7,0,0,0,1,0,0,0,0,0,1,0,1,0,0,0,1,0,0,0,0,1,0,1,0,1,0,0,6.8,Low Risk
3530-VWVGU,0,22,19.9,400.3,0,1,1,1,0,0,0,1,1,0,1,0,1,0,1,0,1,0,1,0,0,0,0,0,0,1,0,6.8,Low Risk
7032-LMBHI,0,37,64.65,2347.85,0,0,0,1,0,1,0,0,0,1,0,0,0,0,0,0,0,1,0,0,1,0,0,0,0,0,0,6.8,Low Risk
9822-BIIGN,0,53,71.85,3827.9,1,1,1,1,0,1,0,0,0,1,0,0,0,0,0,1,0,0,0,1,0,0,0,0,1,0,0,6.8,Low Risk
3750-YHRYO,0,7,20.65,150.0,1,1,1,1,0,0,0,1,1,0,1,0,1,0,1,0,1,0,1,0,1,0,0,0,0,1,0,6.7,Low Risk
1136-XGEQU,0,50,84.15,4164.4,0,1,1,1,0,1,0,0,0,0,0,1,0,1,0,1,0,1,0,1,1,0,1,1,0,0,0,6.6,Low Risk
2788-CJQAQ,0,13,19.45,270.2,1,0,0,1,0,0,0,1,1,0,1,0,1,0,1,0,1,0,1,0,1,0,0,0,0,1,0,6.5,Low Risk
7233-IOQNP,0,43,34.0,1505.35,0,1,0,0,1,0,0,0,0,1,0,0,0,0,0,1,0,0,0,0,0,0,0,0,0,0,0,6.5,Low Risk
0134-XWXCE,1,44,74.85,3268.05,0,0,0,1,0,0,0,0,0,0,0,0,0,1,0,1,0,1,0,1,1,0,0,0,0,0,0,6.5,Low Risk
5297-MDOIR,0,63,81.15,5224.5,0,1,0,1,0,0,1,0,0,1,0,0,0,1,0,0,0,0,0,0,1,0,1,1,0,0,0,6.3,Low Risk
5524-KHNJP,0,33,74.75,2453.3,1,1,1,1,0,0,0,0,0,1,0,0,0,1,0,0,0,1,0,1,1,0,0,1,0,0,0,6.3,Low Risk
8015-IHCGW,0,72,115.5,8425.15,0,1,1,1,0,1,1,0,0,1,0,1,0,1,0,1,0,1,0,1,0,1,1,0,1,0,0,6.2,Low Risk
1097-FSPVW,0,42,54.55,2455.05,0,0,0,1,0,0,0,0,0,1,0,0,0,1,0,0,0,0,0,0,0,0,0,1,0,0,0,6.2,Low Risk
4537-CIBHB,0,9,20.25,172.35,0,1,1,1,0,0,0,1,1,0,1,0,1,0,1,0,1,0,1,0,1,0,0,0,0,1,0,6.1,Low Risk
9483-GCPWE,0,9,20.1,190.25,1,0,1,1,0,0,0,1,1,0,1,0,1,0,1,0,1,0,1,0,1,0,0,0,0,1,0,6.1,Low Risk
2388-LAESQ,1,72,114.85,8317.95,0,1,0,1,0,1,1,0,0,1,0,1,0,1,0,1,0,1,0,1,0,1,1,0,0,0,0,6.1,Low Risk
5975-BAICR,0,36,63.7,2188.5,1,1,1,1,0,0,0,0,0,1,0,0,0,1,0,0,0,0,0,1,1,0,1,1,0,0,0,6.1,Low Risk
6075-QMNRR,0,52,49.75,2535.55,0,0,0,1,0,0,0,0,0,1,0,0,0,0,0,0,0,0,0,0,0,0,1,0,0,0,0,6.0,Low Risk
9351-HXDMR,0,72,110.9,8240.85,1,1,0,1,0,1,1,0,0,1,0,0,0,1,0,1,0,1,0,1,0,1,1,1,0,0,0,6.0,Low Risk
8591-TKMZH,0,59,111.1,6555.2,1,1,1,1,0,1,1,0,0,1,0,1,0,0,0,1,0,1,0,1,0,1,1,0,0,1,0,6.0,Low Risk
2171-UDMFD,0,32,19.45,674.55,1,1,1,1,0,0,0,1,1,0,1,0,1,0,1,0,1,0,1,0,0,0,1,1,0,0,0,5.9,Low Risk
7677-SJJJK,0,8,19.9,153.95,1,1,1,1,0,0,0,1,1,0,1,0,1,0,1,0,1,0,1,0,1,0,0,1,0,0,0,5.9,Low Risk
2798-NYLMZ,0,71,108.55,7616.0,1,1,0,1,0,1,1,0,0,1,0,0,0,1,0,1,0,1,0,1,0,1,1,1,0,0,0,5.9,Low Risk
0074-HDKDG,0,25,61.6,1611.0,1,1,1,1,0,0,0,0,0,1,0,1,0,1,0,0,0,0,0,0,1,0,1,0,0,0,0,5.9,Low Risk
5671-RQRLP,1,70,75.65,5411.4,0,1,0,1,0,1,1,0,0,0,0,0,0,0,0,0,0,0,0,0,0,1,1,1,0,0,0,5.9,Low Risk
2323-ARSVR,0,67,111.05,7321.05,1,1,0,1,0,0,1,0,0,1,0,1,0,1,0,1,0,1,0,1,0,1,1,0,1,0,0,5.9,Low Risk
9412-ARGBX,0,48,95.5,4627.85,0,0,1,1,0,0,1,0,0,0,0,1,0,1,0,1,0,1,0,0,0,1,1,0,0,1,1,5.9,Low Risk
6797-LNAQX,0,70,98.3,6859.5,1,1,1,1,0,1,1,0,0,0,0,1,0,0,0,0,0,1,0,1,0,1,0,0,0,0,1,5.8,Low Risk
7971-HLVXI,0,72,84.5,6130.85,1,1,1,1,0,1,1,0,0,0,0,0,0,0,0,0,0,0,0,1,0,1,1,1,0,0,0,5.7,Low Risk
9917-KWRBE,0,41,78.35,3211.2,0,1,1,1,0,1,0,0,0,1,0,1,0,1,0,0,0,1,0,0,1,0,1,1,0,0,0,5.7,Low Risk
8570-KLJYJ,0,36,54.45,1893.5,0,0,0,1,0,1,0,0,0,1,0,0,0,0,0,0,0,0,0,0,1,0,0,0,0,1,0,5.7,Low Risk
0307-BCOPK,0,16,19.05,326.65,0,0,0,1,0,0,0,1,1,0,1,0,1,0,1,0,1,0,1,0,1,0,0,0,0,1,0,5.7,Low Risk
8690-UPCZI,0,29,69.05,1958.45,1,1,1,1,0,1,0,0,0,1,0,0,0,0,0,1,0,1,0,0,1,0,0,0,0,0,0,5.6,Low Risk
6434-TTGJP,0,10,53.7,521.0,1,1,1,0,1,0,0,0,0,1,0,1,0,1,0,1,0,0,0,1,0,1,0,1,0,0,0,5.6,Low Risk
2907-ILJBN,0,11,20.6,233.9,0,1,1,1,0,0,0,1,1,0,1,0,1,0,1,0,1,0,1,0,1,0,0,0,0,1,0,5.6,Low Risk
9142-XMYJH,0,29,19.35,601.6,0,0,0,1,0,0,0,1,1,0,1,0,1,0,1,0,1,0,1,0,0,0,0,1,0,0,0,5.6,Low Risk
9070-BCKQP,0,72,110.15,7881.2,0,1,0,1,0,1,1,0,0,1,0,0,0,1,0,1,0,1,0,1,0,1,1,1,0,0,0,5.5,Low Risk
8727-XDPUD,0,37,35.8,1316.9,1,0,0,0,1,0,0,0,0,0,0,0,0,0,0,0,0,1,0,0,0,1,0,1,0,0,0,5.5,Low Risk
5442-BXVND,0,33,24.25,838.5,0,1,1,1,0,1,0,1,1,0,1,0,1,0,1,0,1,0,1,0,0,0,0,0,0,0,0,5.5,Low Risk
3301-VKTGC,0,68,85.5,5696.6,1,1,1,1,0,1,1,0,0,1,0,1,0,0,0,0,0,0,0,0,1,0,1,0,0,0,0,5.5,Low Risk
0866-QLSIR,0,34,64.4,2088.75,0,0,0,1,0,1,0,0,0,1,0,1,0,0,0,1,0,0,0,0,1,0,1,0,0,1,1,5.5,Low Risk
2368-GAKKQ,0,70,113.65,7939.25,0,0,0,1,0,1,1,0,0,1,0,1,0,1,0,1,0,1,0,1,0,1,1,0,0,0,0,5.5,Low Risk
5236-XMZJY,0,42,59.65,2536.55,0,0,0,1,0,0,0,0,0,1,0,1,0,1,0,0,0,0,0,0,0,0,0,0,0,0,0,5.5,Low Risk
0727-BNRLG,0,69,97.65,6743.55,1,0,0,1,0,1,1,0,0,0,0,1,0,1,0,1,0,1,0,0,0,1,1,1,0,0,0,5.5,Low Risk
8741-LQOBK,0,46,35.05,1620.25,0,1,1,0,1,0,0,0,0,1,0,1,0,0,0,0,0,0,0,0,0,0,0,0,0,0,0,5.4,Low Risk
7191-ADRGF,0,44,54.3,2390.45,1,1,0,0,1,0,0,0,0,0,0,1,0,1,0,0,0,1,0,1,0,1,0,0,0,0,0,5.4,Low Risk
5505-OVWQW,0,17,20.15,353.65,0,0,0,1,0,0,0,1,1,0,1,0,1,0,1,0,1,0,1,0,1,0,0,0,0,1,0,5.3,Low Risk
3766-EJLFL,0,68,109.05,7508.55,0,1,1,1,0,1,1,0,0,1,0,0,0,1,0,1,0,1,0,1,0,1,1,0,0,0,0,5.3,Low Risk
9298-WGMRW,0,72,115.5,8312.75,0,1,0,1,0,1,1,0,0,1,0,1,0,1,0,1,0,1,0,1,0,1,1,0,0,0,0,5.2,Low Risk
1133-KXCGE,0,18,20.1,407.05,0,0,0,1,0,0,0,1,1,0,1,0,1,0,1,0,1,0,1,0,1,0,0,0,0,1,0,5.1,Low Risk
9637-CDTKZ,0,72,114.1,8086.4,1,1,0,1,0,1,1,0,0,1,0,1,0,1,0,1,0,1,0,1,0,1,1,1,0,0,0,5.1,Low Risk
7838-LAZFO,0,45,78.8,3597.5,1,1,0,1,0,0,0,0,0,1,0,1,0,1,0,0,0,1,0,1,1,0,0,0,0,0,0,5.0,Low Risk
9220-ZNKJI,1,55,88.8,4805.3,0,1,0,1,0,0,1,0,0,0,0,0,0,1,0,1,0,1,0,0,0,1,0,1,0,0,0,5.0,Low Risk
7369-TRPFD,0,19,18.8,279.2,1,0,0,1,0,0,0,1,1,0,1,0,1,0,1,0,1,0,1,0,1,0,0,0,0,1,0,5.0,Low Risk
1150-WFARN,0,67,108.75,7156.2,0,1,1,1,0,1,1,0,0,1,0,0,0,1,0,1,0,1,0,1,0,1,1,1,0,0,1,5.0,Low Risk
6919-ELBGL,1,72,114.95,8196.4,1,1,1,1,0,1,1,0,0,1,0,1,0,1,0,1,0,1,0,1,0,1,1,0,0,0,0,4.9,Low Risk
1131-ALZWV,0,24,24.6,605.25,0,0,0,1,0,1,0,1,1,0,1,0,1,0,1,0,1,0,1,0,1,0,0,0,0,0,0,4.9,Low Risk
0056-EPFBG,0,20,39.4,825.4,1,1,1,0,1,0,0,0,0,1,0,0,0,1,0,1,0,0,0,0,0,1,1,1,0,0,0,4.9,Low Risk
8777-PVYGU,0,52,64.3,3410.6,0,1,0,1,0,0,0,0,0,1,0,0,0,1,0,0,0,1,0,0,1,0,1,0,0,1,0,4.9,Low Risk
9860-LISIZ,0,34,20.35,673.2,0,0,0,1,0,0,0,1,1,0,1,0,1,0,1,0,1,0,1,0,0,0,0,0,0,1,0,4.9,Low Risk
7279-NMVJC,0,17,19.9,323.15,0,0,0,1,0,0,0,1,1,0,1,0,1,0,1,0,1,0,1,0,1,0,0,0,0,0,0,4.9,Low Risk
3115-CZMZD,0,0,20.25,0.0,1,0,1,1,0,0,0,1,1,0,1,0,1,0,1,0,1,0,1,0,0,1,0,0,0,1,0,4.8,Low Risk
1741-WTPON,0,56,115.85,6567.9,1,1,1,1,0,1,1,0,0,1,0,1,0,1,0,1,0,1,0,1,0,1,0,0,0,1,0,4.8,Low Risk
7996-BPXHY,0,13,25.0,332.5,0,1,1,1,0,1,0,1,1,0,1,0,1,0,1,0,1,0,1,0,0,1,1,0,0,0,0,4.8,Low Risk
1036-GUDCL,0,60,79.05,4663.4,1,1,1,1,0,0,0,0,0,1,0,1,0,0,0,1,0,1,0,1,0,0,1,1,0,0,0,4.8,Low Risk
6445-TNRXS,0,68,114.7,7849.85,1,1,1,1,0,1,1,0,0,1,0,1,0,1,0,1,0,1,0,1,0,1,1,0,0,0,0,4.8,Low Risk
9330-DHBFL,0,23,66.25,1533.8,0,1,1,1,0,0,0,0,0,1,0,1,0,1,0,1,0,0,0,0,1,0,1,0,0,1,0,4.8,Low Risk
4359-INNWN,0,17,20.05,337.9,0,0,0,1,0,0,0,1,1,0,1,0,1,0,1,0,1,0,1,0,1,0,0,1,0,0,0,4.8,Low Risk
9534-NSXEM,0,26,20.65,595.5,1,0,0,1,0,0,0,1,1,0,1,0,1,0,1,0,1,0,1,0,1,0,1,1,0,0,0,4.7,Low Risk
4717-GHADL,0,50,79.6,4024.2,0,0,0,1,0,1,0,0,0,0,0,1,0,0,0,1,0,1,0,1,0,1,1,0,0,1,0,4.7,Low Risk
2320-TZRRH,0,20,19.5,403.15,0,0,0,1,0,0,0,1,1,0,1,0,1,0,1,0,1,0,1,0,1,0,0,0,0,1,0,4.7,Low Risk
9313-CDOGY,0,38,19.6,717.3,1,1,1,1,0,0,0,1,1,0,1,0,1,0,1,0,1,0,1,0,0,0,0,0,1,0,0,4.7,Low Risk
4627-MIHJH,1,69,110.25,7467.55,0,0,0,1,0,1,1,0,0,1,0,0,0,1,0,1,0,1,0,1,0,1,0,1,0,0,0,4.6,Low Risk
0019-EFAEP,0,72,101.3,7261.25,0,0,0,1,0,1,1,0,0,1,0,1,0,1,0,0,0,1,0,0,0,1,1,0,0,0,0,4.6,Low Risk
4376-KFVRS,0,72,114.05,8468.2,1,1,1,1,0,1,1,0,0,1,0,1,0,1,0,1,0,1,0,1,0,1,1,1,0,0,0,4.5,Low Risk
4086-ATNFV,0,34,60.8,2042.05,0,1,1,1,0,0,0,0,0,1,0,1,0,1,0,0,0,0,0,0,1,0,1,0,0,1,0,4.5,Low Risk
3396-DKDEL,0,70,115.15,8250.0,0,1,1,1,0,1,1,0,0,1,0,1,0,1,0,1,0,1,0,1,0,1,1,1,0,0,0,4.5,Low Risk
4378-MYPGO,0,68,105.25,7173.15,1,1,1,1,0,0,1,0,0,1,0,1,0,1,0,0,0,1,0,1,0,1,1,0,0,0,0,4.5,Low Risk
2245-ADZFJ,0,31,80.55,2471.6,0,1,1,1,0,1,0,0,0,0,0,1,0,0,0,1,0,1,0,1,0,1,0,0,0,0,0,4.4,Low Risk
0868-VJRDR,0,64,104.05,6605.55,1,1,0,1,0,0,1,0,0,1,0,1,0,0,0,1,0,1,0,1,0,1,1,1,0,0,0,4.4,Low Risk
5061-PBXFW,0,32,61.4,1864.65,0,1,1,1,0,0,0,0,0,1,0,1,0,0,0,1,0,0,0,0,0,0,0,0,0,0,0,4.4,Low Risk
8915-NNTRC,0,72,107.7,7919.8,1,1,1,1,0,1,1,0,0,1,0,1,0,0,0,1,0,1,0,1,0,1,1,1,0,0,0,4.3,Low Risk
1936-CZAKF,0,49,49.65,2409.9,1,1,0,0,1,0,0,0,0,0,0,1,0,0,0,0,0,1,0,1,0,1,0,1,0,0,0,4.3,Low Risk
9289-LBQVU,0,64,70.15,4480.7,1,1,0,1,0,1,0,0,0,0,0,1,0,0,0,1,0,0,0,1,1,0,1,0,0,1,0,4.2,Low Risk
2061-VVFST,0,37,19.5,805.2,0,1,0,1,0,0,0,1,1,0,1,0,1,0,1,0,1,0,1,0,0,0,0,0,0,0,0,4.2,Low Risk
7338-ERIVA,0,39,45.05,1790.6,1,0,1,0,1,0,0,0,0,1,0,0,0,0,0,1,0,1,0,0,1,0,0,0,0,0,0,4.1,Low Risk
9209-NWPGU,0,44,65.4,2774.55,1,0,0,1,0,0,0,0,0,1,0,0,0,0,0,1,0,1,0,0,1,0,0,0,1,0,0,4.1,Low Risk
9867-XOBQA,0,21,53.15,1183.2,0,0,1,0,1,0,0,0,0,1,0,1,0,1,0,1,0,1,0,0,0,1,0,0,0,1,0,4.1,Low Risk
9758-MFWGD,1,48,29.9,1388.75,0,1,1,0,1,0,0,0,0,0,0,1,0,0,0,0,0,0,0,0,1,0,0,0,0,0,0,4.1,Low Risk
0017-IUDMW,0,72,116.8,8456.75,0,1,1,1,0,1,1,0,0,1,0,1,0,1,0,1,0,1,0,1,0,1,1,1,0,0,0,4.1,Low Risk
7375-WMVMT,1,71,95.5,6707.15,1,1,0,1,0,0,1,0,0,0,0,1,0,1,0,1,0,0,0,1,0,1,1,1,0,0,0,4.1,Low Risk
6527-PZFPV,0,24,20.8,469.65,1,1,1,1,0,0,0,1,1,0,1,0,1,0,1,0,1,0,1,0,1,0,1,1,0,0,0,4.1,Low Risk
4304-TSPVK,0,68,114.9,7843.55,0,1,0,1,0,1,1,0,0,1,0,1,0,1,0,1,0,1,0,1,0,1,0,0,0,0,0,4.1,Low Risk
6194-HBGQN,0,51,81.15,4126.2,1,0,0,1,0,1,0,0,0,1,0,1,0,1,0,1,0,1,0,0,1,0,1,1,0,0,0,4.0,Low Risk
4973-RLZVI,0,30,74.65,2308.6,0,0,0,1,0,0,0,0,0,1,0,1,0,1,0,1,0,1,0,0,1,0,0,1,0,0,0,4.0,Low Risk
9906-NHHVC,1,65,53.5,3517.9,0,0,0,0,1,0,0,0,0,0,0,1,0,1,0,0,0,1,0,1,0,1,1,0,0,0,0,4.0,Low Risk
8024-XNAFQ,1,72,107.4,7748.75,0,0,0,1,0,1,1,0,0,1,0,1,0,1,0,1,0,0,0,1,0,1,1,0,0,0,0,4.0,Low Risk
0254-KCJGT,0,52,81.4,4354.45,1,1,0,1,0,1,0,0,0,1,0,1,0,1,0,1,0,0,0,1,1,0,1,1,0,0,0,4.0,Low Risk
5468-BPMMO,0,46,19.6,851.2,1,1,0,1,0,0,0,1,1,0,1,0,1,0,1,0,1,0,1,0,0,0,0,0,1,0,0,4.0,Low Risk
2325-ZUSFD,0,57,70.1,3913.3,0,1,1,1,0,0,0,0,0,1,0,0,0,0,0,0,0,1,0,1,1,0,1,0,0,0,1,4.0,Low Risk
9030-QGZNL,0,8,20.85,161.65,0,0,0,1,0,0,0,1,1,0,1,0,1,0,1,0,1,0,1,0,0,1,0,0,0,1,0,4.0,Low Risk
8763-KIAFH,0,27,20.55,583.3,0,1,1,1,0,0,0,1,1,0,1,0,1,0,1,0,1,0,1,0,1,0,1,0,0,1,0,4.0,Low Risk
2188-SXWVT,0,34,55.0,1885.15,0,0,0,1,0,0,0,0,0,1,0,1,0,0,0,0,0,0,0,0,1,0,0,0,0,1,0,4.0,Low Risk
8400-WZICQ,0,55,55.7,3131.8,0,1,1,1,0,0,0,0,0,1,0,1,0,0,0,0,0,0,0,0,0,0,0,0,1,0,0,4.0,Low Risk
6726-NNFWD,1,71,89.45,6435.25,0,1,0,1,0,0,1,0,0,0,0,1,0,1,0,0,0,0,0,1,0,1,0,1,0,0,0,3.9,Low Risk
9746-UGFAC,0,22,20.85,450.65,0,0,0,1,0,0,0,1,1,0,1,0,1,0,1,0,1,0,1,0,1,0,0,0,0,0,0,3.9,Low Risk
3125-RAHBV,0,22,20.3,467.15,1,0,0,1,0,0,0,1,1,0,1,0,1,0,1,0,1,0,1,0,1,0,0,1,0,0,0,3.9,Low Risk
1271-UODNO,0,39,53.85,2200.7,1,0,0,1,0,1,0,0,0,0,0,0,0,0,0,1,0,0,0,0,0,1,1,1,0,0,0,3.9,Low Risk
9648-BCHKM,0,18,24.65,471.35,0,1,1,1,0,1,0,1,1,0,1,0,1,0,1,0,1,0,1,0,0,1,1,1,0,0,0,3.8,Low Risk
3717-FDJFU,0,5,20.45,106.9,1,0,1,1,0,0,0,1,1,0,1,0,1,0,1,0,1,0,1,0,0,1,0,0,0,1,0,3.8,Low Risk
4500-HKANN,0,23,59.7,1414.2,1,1,1,1,0,1,0,0,0,0,0,1,0,0,0,1,0,0,0,0,0,1,0,0,0,1,0,3.8,Low Risk
7520-HQWJU,0,66,67.45,4508.65,0,1,1,1,0,1,0,0,0,1,0,1,0,1,0,0,0,0,0,0,0,0,1,0,0,0,0,3.8,Low Risk
2511-MORQY,0,50,54.9,2614.1,1,1,1,1,0,1,0,0,0,0,0,0,0,1,0,0,0,0,0,0,1,0,0,0,0,0,0,3.8,Low Risk
7359-WWYJV,0,72,114.45,8375.05,1,1,0,1,0,1,1,0,0,1,0,1,0,1,0,1,0,1,0,1,0,1,0,1,0,0,0,3.8,Low Risk
9777-IQHWP,0,64,93.4,5822.3,1,1,1,1,0,1,1,0,0,1,0,0,0,1,0,0,0,0,0,1,0,1,0,0,0,0,0,3.8,Low Risk
5204-HMGYF,0,49,87.2,4345.0,0,1,1,1,0,0,0,0,0,1,0,1,0,1,0,1,0,1,0,1,1,0,1,0,0,1,0,3.7,Low Risk
6374-NTQLP,1,72,104.1,7447.7,1,1,1,1,0,0,1,0,0,1,0,0,0,1,0,1,0,1,0,1,0,1,1,1,0,0,0,3.7,Low Risk
6698-OXETB,0,11,20.4,231.45,1,0,0,1,0,0,0,1,1,0,1,0,1,0,1,0,1,0,1,0,0,1,0,0,0,1,0,3.7,Low Risk
3985-HOYPM,0,26,19.4,525.55,1,0,0,1,0,0,0,1,1,0,1,0,1,0,1,0,1,0,1,0,1,0,0,0,0,1,0,3.7,Low Risk
0121-SNYRK,0,50,35.4,1748.9,1,0,0,0,1,0,0,0,0,1,0,0,0,0,0,1,0,0,0,0,1,0,1,0,0,1,0,3.7,Low Risk
8779-YIQQA,0,21,19.8,350.1,1,1,1,1,0,0,0,1,1,0,1,0,1,0,1,0,1,0,1,0,1,0,0,0,0,1,0,3.7,Low Risk
5469-NUJUR,0,19,19.95,373.5,1,0,0,1,0,0,0,1,1,0,1,0,1,0,1,0,1,0,1,0,0,1,1,0,0,1,0,3.7,Low Risk
2676-SSLTO,0,49,66.15,3199.0,1,0,0,1,0,1,0,0,0,0,0,0,0,0,0,1,0,1,0,0,0,1,1,0,0,0,0,3.6,Low Risk
9108-EQPNQ,0,10,26.1,225.55,0,1,1,1,0,1,0,1,1,0,1,0,1,0,1,0,1,0,1,0,0,1,0,1,0,0,0,3.6,Low Risk
5825-XJOCM,0,48,64.4,3035.35,1,0,1,1,0,1,0,0,0,1,0,1,0,1,0,0,0,0,0,0,1,0,1,0,0,0,0,3.6,Low Risk
8809-XKHMD,0,72,100.55,7325.1,1,1,0,1,0,1,1,0,0,1,0,1,0,0,0,1,0,0,0,1,0,1,1,0,0,0,0,3.6,Low Risk
5495-GPSRW,0,20,19.7,419.4,1,0,0,1,0,0,0,1,1,0,1,0,1,0,1,0,1,0,1,0,0,1,1,0,0,1,0,3.6,Low Risk
6848-YLDFR,0,58,75.2,4300.8,1,1,1,1,0,0,0,0,0,0,0,1,0,0,0,1,0,1,0,1,1,0,1,1,0,0,0,3.6,Low Risk
8314-HTWVE,0,7,19.85,144.15,0,1,1,1,0,0,0,1,1,0,1,0,1,0,1,0,1,0,1,0,0,1,0,0,0,1,0,3.6,Low Risk
6461-PPAXN,0,35,54.95,1916.0,0,1,1,1,0,0,0,0,0,1,0,0,0,0,0,1,0,0,0,0,1,0,1,0,0,0,0,3.5,Low Risk
1936-UAFEH,0,68,110.25,7279.35,0,0,0,1,0,1,1,0,0,1,0,1,0,0,0,1,0,1,0,1,0,1,0,1,0,0,0,3.5,Low Risk
5696-CEIQJ,0,67,103.15,6895.5,1,1,1,1,0,0,1,0,0,0,0,1,0,1,0,1,0,1,0,1,0,1,0,0,0,0,0,3.5,Low Risk
9720-JJJOR,0,41,60.3,2511.3,1,1,1,1,0,0,0,0,0,1,0,1,0,1,0,0,0,0,0,0,1,0,1,0,0,0,0,3.4,Low Risk
6061-GWWAV,0,41,70.2,2894.55,1,0,1,1,0,0,0,0,0,1,0,1,0,1,0,0,0,1,0,0,1,0,0,0,0,1,0,3.4,Low Risk
7690-KPNCU,0,64,73.05,4688.65,1,1,1,1,0,0,0,0,0,1,0,0,0,1,0,0,0,1,0,1,1,0,1,1,0,0,0,3.4,Low Risk
5245-VDBUR,0,52,35.45,1958.95,0,1,0,0,1,0,0,0,0,1,0,0,0,1,0,0,0,0,0,0,1,0,0,0,0,1,0,3.4,Low Risk
4709-LKHYG,0,29,20.0,540.05,0,1,1,1,0,0,0,1,1,0,1,0,1,0,1,0,1,0,1,0,1,0,0,0,1,0,0,3.4,Low Risk
5063-IUOKK,0,13,19.75,265.75,1,0,0,1,0,0,0,1,1,0,1,0,1,0,1,0,1,0,1,0,0,1,0,0,0,1,0,3.4,Low Risk
3926-YZVVX,0,41,50.05,2029.05,0,0,0,1,0,0,0,0,0,0,0,0,0,0,0,1,0,0,0,0,1,0,0,0,0,0,0,3.4,Low Risk
1063-DHQJF,0,69,92.15,6480.9,1,1,1,1,0,0,1,0,0,0,0,1,0,0,0,1,0,1,0,0,0,1,1,0,0,1,0,3.3,Low Risk
5574-NXZIU,0,63,109.2,7049.75,1,0,0,1,0,0,1,0,0,1,0,1,0,1,0,1,0,1,0,1,0,1,0,1,0,0,0,3.3,Low Risk
9640-ZSLDC,0,53,60.6,3297.0,0,1,1,1,0,0,0,0,0,0,0,0,0,1,0,0,0,0,0,1,1,0,0,1,0,0,0,3.3,Low Risk
2335-GSODA,0,23,40.1,857.75,1,0,1,0,1,0,0,0,0,1,0,0,0,1,0,1,0,0,0,0,0,1,0,0,0,1,0,3.2,Low Risk
8873-TMKGR,0,29,19.1,529.5,1,0,0,1,0,0,0,1,1,0,1,0,1,0,1,0,1,0,1,0,1,0,0,0,0,1,0,3.2,Low Risk
7337-CINUD,0,8,19.5,159.35,0,1,1,1,0,0,0,1,1,0,1,0,1,0,1,0,1,0,1,0,0,1,0,0,0,0,0,3.2,Low Risk
5057-RKGLH,0,9,20.35,191.1,0,1,1,1,0,0,0,1,1,0,1,0,1,0,1,0,1,0,1,0,0,1,0,0,0,1,0,3.2,Low Risk
1929-ZCBHE,0,47,40.3,1794.8,1,1,1,0,1,0,0,0,0,1,0,0,0,1,0,1,0,0,0,0,1,0,0,0,1,0,0,3.2,Low Risk
2150-OEGBV,0,27,20.1,562.6,1,0,0,1,0,0,0,1,1,0,1,0,1,0,1,0,1,0,1,0,1,0,0,0,0,0,0,3.2,Low Risk
7632-YUTXB,0,25,20.05,520.1,0,1,1,1,0,0,0,1,1,0,1,0,1,0,1,0,1,0,1,0,1,0,0,0,0,1,0,3.1,Low Risk
5519-TEEUH,0,33,20.15,682.15,1,0,1,1,0,0,0,1,1,0,1,0,1,0,1,0,1,0,1,0,1,0,1,0,0,1,0,3.1,Low Risk
1494-EJZDW,0,10,20.15,220.8,0,1,1,1,0,0,0,1,1,0,1,0,1,0,1,0,1,0,1,0,0,1,0,0,0,1,0,3.1,Low Risk
0181-RITDD,0,62,108.15,6825.65,1,1,1,1,0,0,1,0,0,1,0,1,0,1,0,1,0,1,0,1,0,1,0,0,0,1,0,3.1,Low Risk
6823-SIDFQ,0,28,18.25,534.7,1,0,0,1,0,0,0,1,1,0,1,0,1,0,1,0,1,0,1,0,1,0,0,1,0,0,0,3.1,Low Risk
7322-OCWHC,1,72,93.05,6735.05,1,1,0,1,0,1,1,0,0,1,0,1,0,1,0,1,0,0,0,0,0,1,1,0,0,0,0,3.1,Low Risk
7471-MQPOS,1,71,72.9,5139.65,1,1,1,1,0,1,0,0,0,0,0,1,0,1,0,1,0,0,0,1,1,0,1,0,0,0,0,3.0,Low Risk
7636-PEPNS,0,58,44.1,2413.05,0,1,1,1,0,0,0,0,0,0,0,0,0,0,0,0,0,0,0,0,1,0,1,0,0,1,0,3.0,Low Risk
6519-ZHPXP,0,72,108.3,7679.65,0,1,1,1,0,0,1,0,0,1,0,1,0,1,0,1,0,1,0,1,0,1,1,0,0,0,0,3.0,Low Risk
3982-JGSFD,0,36,20.35,695.85,1,0,0,1,0,0,0,1,1,0,1,0,1,0,1,0,1,0,1,0,1,0,1,1,0,0,0,3.0,Low Risk
3705-PSNGL,0,45,20.4,930.45,1,0,0,1,0,0,0,1,1,0,1,0,1,0,1,0,1,0,1,0,1,0,1,0,1,0,1,3.0,Low Risk
4648-YPBTM,0,53,73.9,3958.25,1,0,0,1,0,1,0,0,0,0,0,1,0,1,0,1,0,0,0,1,0,1,1,0,0,0,0,3.0,Low Risk
9530-GRMJG,0,70,84.1,5979.7,1,1,1,1,0,1,0,0,0,0,0,1,0,1,0,1,0,1,0,1,0,1,1,0,1,0,0,3.0,Low Risk
7581-EBBOU,0,60,70.15,4224.7,0,0,0,1,0,0,0,0,0,0,0,1,0,1,0,1,0,1,0,0,1,0,1,1,0,0,0,3.0,Low Risk
3506-OVLKD,0,35,26.2,954.9,1,0,0,1,0,1,0,1,1,0,1,0,1,0,1,0,1,0,1,0,1,0,0,0,0,0,0,3.0,Low Risk
5820-PTRYM,1,56,68.45,4014.0,0,1,0,1,0,1,0,0,0,1,0,1,0,1,0,1,0,0,0,0,1,0,1,1,0,0,0,3.0,Low Risk
4877-TSOFF,0,55,75.75,4264.25,0,1,1,1,0,1,0,0,0,1,0,1,0,0,0,1,0,0,0,1,1,0,1,0,0,0,0,2.9,Low Risk
3831-YCPUO,0,72,109.5,7854.9,0,1,1,1,0,0,1,0,0,1,0,1,0,1,0,1,0,1,0,1,0,1,1,1,0,0,0,2.9,Low Risk
3442-ZHHCC,0,68,76.9,5023.0,1,0,0,1,0,1,0,0,0,1,0,1,0,1,0,0,0,0,0,1,1,0,1,1,0,0,0,2.9,Low Risk
5917-RYRMG,1,32,19.8,587.7,1,0,0,1,0,0,0,1,1,0,1,0,1,0,1,0,1,0,1,0,1,0,0,1,0,0,0,2.9,Low Risk
6013-BHCAW,0,61,81.0,4976.15,1,1,1,1,0,1,0,0,0,0,0,0,0,1,0,1,0,1,0,1,0,1,1,0,0,0,0,2.9,Low Risk
1023-BQXZE,0,57,74.35,4317.35,1,0,0,1,0,0,0,0,0,1,0,0,0,1,0,0,0,1,0,1,0,1,1,0,0,0,0,2.8,Low Risk
5170-PTRKA,0,49,35.8,1782.0,0,1,1,0,1,0,0,0,0,1,0,0,0,0,0,1,0,0,0,0,1,0,1,1,0,0,0,2.8,Low Risk
3812-LRZIR,0,27,24.5,761.95,0,1,1,1,0,1,0,1,1,0,1,0,1,0,1,0,1,0,1,0,0,1,0,0,1,0,0,2.8,Low Risk
4530-NDRKU,0,42,19.05,761.85,0,1,1,1,0,0,0,1,1,0,1,0,1,0,1,0,1,0,1,0,1,0,1,0,1,0,0,2.8,Low Risk
2088-IEBAU,0,68,88.15,6148.45,0,0,0,1,0,1,0,0,0,1,0,1,0,1,0,1,0,1,0,1,0,1,1,0,1,0,0,2.8,Low Risk
3055-VTCGS,0,63,58.55,3503.5,0,0,0,1,0,0,0,0,0,0,0,0,0,1,0,0,0,0,0,1,1,0,0,1,0,0,0,2.8,Low Risk
1139-WUOAH,0,57,53.35,3090.05,1,0,0,0,1,0,0,0,0,0,0,0,0,1,0,1,0,1,0,1,0,1,0,1,0,0,0,2.7,Low Risk
0164-XAIRP,0,24,19.55,470.2,0,0,0,1,0,0,0,1,1,0,1,0,1,0,1,0,1,0,1,0,0,1,1,0,0,0,0,2.7,Low Risk
8782-NUUOL,0,60,79.0,4801.1,1,0,0,1,0,0,0,0,0,1,0,0,0,1,0,1,0,1,0,1,1,0,0,0,0,1,0,2.7,Low Risk
4227-OJHAL,0,68,73.0,5163.0,0,1,1,1,0,1,0,0,0,1,0,1,0,1,0,0,0,1,0,0,1,0,1,1,0,0,0,2.7,Low Risk
6064-ZATLR,0,27,52.85,1498.65,0,0,0,1,0,0,0,0,0,1,0,1,0,0,0,0,0,0,0,0,0,1,0,0,0,0,0,2.7,Low Risk
1776-SPBWV,0,34,20.1,682.1,0,1,1,1,0,0,0,1,1,0,1,0,1,0,1,0,1,0,1,0,1,0,1,0,0,0,0,2.7,Low Risk
6322-HRPFA,0,49,59.6,2970.3,1,1,1,1,0,0,0,0,0,1,0,1,0,0,0,1,0,0,0,0,0,0,0,1,0,0,0,2.6,Low Risk
2541-YGPKE,0,42,63.7,2763.35,1,1,1,1,0,0,0,0,0,1,0,0,0,0,0,1,0,0,0,1,1,0,0,1,0,0,0,2.6,Low Risk
4702-HDRKD,0,67,49.35,3321.35,1,0,0,0,1,0,0,0,0,1,0,0,0,1,0,1,0,1,0,0,1,0,1,0,0,0,0,2.6,Low Risk
3865-ZFZIB,0,19,19.65,358.15,1,0,0,1,0,0,0,1,1,0,1,0,1,0,1,0,1,0,1,0,0,1,0,0,0,1,0,2.6,Low Risk
9926-PJHDQ,0,72,76.8,5468.45,0,1,1,1,0,1,0,0,0,0,0,0,0,1,0,0,0,1,0,1,0,1,1,0,0,0,0,2.6,Low Risk
8717-VCTXJ,0,42,19.55,839.4,1,0,0,1,0,0,0,1,1,0,1,0,1,0,1,0,1,0,1,0,1,0,1,0,0,1,0,2.6,Low Risk
4981-FLTMF,0,57,65.2,3687.85,0,1,1,1,0,1,0,0,0,1,0,1,0,0,0,1,0,0,0,0,0,0,0,0,0,0,0,2.6,Low Risk
2266-FUBDZ,0,15,19.35,278.85,1,1,1,1,0,0,0,1,1,0,1,0,1,0,1,0,1,0,1,0,0,1,0,0,0,1,0,2.6,Low Risk
5318-YKDPV,0,43,79.15,3566.6,1,1,1,1,0,0,0,0,0,1,0,0,0,1,0,1,0,1,0,1,0,1,1,1,0,0,0,2.6,Low Risk
5893-PYOLZ,0,56,81.8,4534.45,1,0,0,1,0,0,0,0,0,0,0,1,0,1,0,1,0,1,0,1,0,1,1,1,0,0,0,2.5,Low Risk
4962-CHQPW,0,29,19.85,535.05,1,0,1,1,0,0,0,1,1,0,1,0,1,0,1,0,1,0,1,0,1,0,0,0,0,1,0,2.5,Low Risk
8869-TORSS,0,48,60.35,2896.4,0,0,0,1,0,0,0,0,0,1,0,0,0,1,0,1,0,0,0,0,1,0,1,1,0,0,1,2.5,Low Risk
6223-DHJGV,0,42,20.65,958.1,0,0,0,1,0,0,0,1,1,0,1,0,1,0,1,0,1,0,1,0,1,0,1,0,0,1,0,2.5,Low Risk
9919-FZDED,1,72,84.1,5981.65,1,1,0,1,0,1,0,0,0,1,0,1,0,1,0,0,0,1,0,1,0,1,1,1,0,0,0,2.5,Low Risk
4560-WQAQW,0,59,68.7,4070.95,0,0,0,1,0,1,0,0,0,1,0,0,0,0,0,1,0,0,0,1,1,0,0,0,0,0,0,2.5,Low Risk
4703-MQYKT,0,21,19.6,390.4,1,0,0,1,0,0,0,1,1,0,1,0,1,0,1,0,1,0,1,0,0,1,0,0,0,1,0,2.4,Low Risk
9824-QCJPK,0,36,20.0,666.75,1,1,0,1,0,0,0,1,1,0,1,0,1,0,1,0,1,0,1,0,1,0,0,0,0,1,0,2.4,Low Risk
1525-LNLOJ,0,66,63.3,4189.7,1,1,1,1,0,1,0,0,0,0,0,0,0,1,0,0,0,1,0,0,0,1,1,0,0,0,0,2.4,Low Risk
0513-RBGPE,0,37,62.8,2278.75,1,1,1,1,0,1,0,0,0,1,0,0,0,1,0,1,0,0,0,0,0,1,1,1,0,0,0,2.4,Low Risk
0559-CKHUS,0,29,19.55,521.8,0,1,0,1,0,0,0,1,1,0,1,0,1,0,1,0,1,0,1,0,0,1,1,0,0,1,0,2.4,Low Risk
9945-PSVIP,0,25,18.7,383.65,0,1,1,1,0,0,0,1,1,0,1,0,1,0,1,0,1,0,1,0,0,1,1,0,0,1,0,2.3,Low Risk
7061-OVMIM,0,30,19.55,608.5,0,1,1,1,0,0,0,1,1,0,1,0,1,0,1,0,1,0,1,0,1,0,0,0,0,0,0,2.3,Low Risk
4737-HOBAX,0,63,79.8,5034.05,1,1,0,1,0,1,0,0,0,0,0,0,0,1,0,1,0,1,0,1,0,1,0,1,0,0,0,2.3,Low Risk
1265-HVPZB,0,59,66.4,3958.2,1,1,0,1,0,0,0,0,0,1,0,1,0,1,0,0,0,1,0,0,1,0,0,1,0,0,0,2.3,Low Risk
2892-GESUL,0,18,19.35,309.25,0,1,1,1,0,0,0,1,1,0,1,0,1,0,1,0,1,0,1,0,0,1,0,0,0,1,0,2.2,Low Risk
0979-MOZQI,0,62,39.0,2337.45,1,1,0,0,1,0,0,0,0,0,0,0,0,0,0,1,0,1,0,0,0,1,1,0,0,0,0,2.2,Low Risk
6872-HXFNF,0,64,58.35,3756.45,0,1,0,1,0,1,0,0,0,0,0,0,0,1,0,1,0,0,0,0,1,0,0,0,0,0,0,2.2,Low Risk
9385-NXKDA,0,72,82.65,5919.35,0,1,0,1,0,1,0,0,0,1,0,1,0,1,0,0,0,1,0,1,0,1,1,1,0,0,0,2.2,Low Risk
5313-FPXWG,0,51,24.6,1266.4,1,0,0,1,0,1,0,1,1,0,1,0,1,0,1,0,1,0,1,0,1,0,1,0,0,0,0,2.2,Low Risk
8390-FESFV,0,62,84.5,5193.2,0,0,0,1,0,1,0,0,0,0,0,1,0,1,0,1,0,1,0,1,0,1,0,0,0,0,0,2.1,Low Risk
3649-JPUGY,0,72,88.6,6201.95,1,0,0,1,0,1,0,0,0,0,0,1,0,1,0,1,0,1,0,1,0,1,1,0,0,0,0,2.1,Low Risk
6418-HNFED,0,51,83.25,4089.45,1,1,0,1,0,0,0,0,0,1,0,1,0,1,0,1,0,1,0,1,0,1,1,1,0,0,0,2.1,Low Risk
9548-LERKT,0,24,19.75,483.15,1,1,0,1,0,0,0,1,1,0,1,0,1,0,1,0,1,0,1,0,0,1,0,0,0,1,0,2.1,Low Risk
5380-XPJNZ,0,38,20.05,678.2,0,0,0,1,0,0,0,1,1,0,1,0,1,0,1,0,1,0,1,0,1,0,0,0,0,1,0,2.0,Low Risk
4039-PIMHX,1,49,49.8,2398.4,1,1,0,1,0,0,0,0,0,0,0,1,0,0,0,0,0,0,0,0,0,1,0,0,0,1,0,2.0,Low Risk
6203-HBZPA,0,52,63.9,3334.95,1,0,0,0,1,0,0,0,0,1,0,1,0,1,0,1,0,1,0,1,0,1,0,1,0,0,0,2.0,Low Risk
1090-ESELR,0,72,105.5,7611.55,1,1,1,1,0,0,1,0,0,1,0,1,0,0,0,1,0,1,0,1,0,1,0,0,0,0,0,2.0,Low Risk
0057-QBUQH,0,43,25.1,1070.15,0,0,1,1,0,1,0,1,1,0,1,0,1,0,1,0,1,0,1,0,0,1,1,0,1,0,0,1.9,Low Risk
8345-MVDYC,0,45,81.65,3618.7,0,0,0,1,0,0,0,0,0,1,0,0,0,1,0,1,0,1,0,1,0,1,0,0,0,0,0,1.9,Low Risk
5924-SNGKP,0,41,20.25,865.0,0,0,1,1,0,0,0,1,1,0,1,0,1,0,1,0,1,0,1,0,1,0,1,1,0,0,0,1.9,Low Risk
3978-YNKDD,0,19,20.85,467.5,1,0,1,1,0,0,0,1,1,0,1,0,1,0,1,0,1,0,1,0,0,1,0,1,0,0,0,1.9,Low Risk
0263-FJTQO,0,50,70.5,3486.65,1,1,1,1,0,1,0,0,0,1,0,0,0,0,0,1,0,1,0,0,0,1,1,1,0,0,0,1.9,Low Risk
9359-UGBTK,0,67,72.35,4991.5,0,0,0,1,0,0,0,0,0,1,0,0,0,1,0,1,0,0,0,1,1,0,1,0,0,0,0,1.9,Low Risk
3489-VSFRD,0,56,60.25,3282.75,0,0,0,1,0,0,0,0,0,1,0,0,0,1,0,1,0,0,0,0,1,0,1,1,0,0,0,1.9,Low Risk
5702-KVQRD,0,71,82.55,5832.65,1,1,0,1,0,0,0,0,0,1,0,0,0,1,0,1,0,1,0,1,0,1,1,0,1,0,0,1.8,Low Risk
5696-JVVQY,0,48,70.1,3238.4,0,1,1,1,0,0,0,0,0,1,0,1,0,1,0,0,0,0,0,1,0,1,1,1,0,0,0,1.8,Low Risk
4751-ERMAN,0,72,75.4,5480.25,1,1,1,1,0,0,0,0,0,0,0,1,0,1,0,0,0,1,0,1,0,1,1,0,0,0,0,1.8,Low Risk
5751-USDBL,0,46,81.0,3846.35,1,1,1,1,0,0,0,0,0,1,0,0,0,1,0,1,0,1,0,1,0,1,0,0,0,1,0,1.8,Low Risk
0298-XACET,0,52,50.2,2554.0,1,1,1,0,1,0,0,0,0,0,0,1,0,1,0,1,0,1,0,0,0,1,0,0,0,1,0,1.8,Low Risk
0707-HOVVN,1,70,75.5,5212.65,0,0,0,1,0,1,0,0,0,0,0,1,0,1,0,1,0,1,0,0,0,1,1,0,0,0,0,1.8,Low Risk
6814-ZPWFQ,1,51,25.0,1260.7,1,0,0,1,0,1,0,1,1,0,1,0,1,0,1,0,1,0,1,0,1,0,0,0,0,0,0,1.8,Low Risk
9950-MTGYX,0,28,20.3,487.95,1,1,1,1,0,0,0,1,1,0,1,0,1,0,1,0,1,0,1,0,0,1,1,1,0,0,0,1.8,Low Risk
6681-ZSEXG,0,56,59.5,3389.25,1,1,0,1,0,1,0,0,0,0,0,1,0,1,0,0,0,0,0,0,0,1,0,1,0,0,0,1.8,Low Risk
2805-AUFQN,0,25,19.8,475.2,0,0,0,1,0,0,0,1,1,0,1,0,1,0,1,0,1,0,1,0,0,1,0,1,0,0,0,1.7,Low Risk
2812-REYAT,0,49,20.05,923.1,0,1,0,1,0,0,0,1,1,0,1,0,1,0,1,0,1,0,1,0,1,0,1,0,0,0,0,1.7,Low Risk
6119-SPUDB,0,46,38.25,1755.35,1,0,0,0,1,0,0,0,0,1,0,0,0,1,0,1,0,0,0,0,0,1,0,0,0,1,0,1.7,Low Risk
8173-RXAYP,0,24,19.7,452.55,0,1,1,1,0,0,0,1,1,0,1,0,1,0,1,0,1,0,1,0,0,1,0,0,0,1,0,1.7,Low Risk
2987-BJXIK,0,70,84.7,5991.05,0,0,0,1,0,1,0,0,0,1,0,1,0,1,0,0,0,1,0,1,0,1,0,0,0,1,0,1.7,Low Risk
2332-TODQS,0,48,25.05,1171.5,0,0,0,1,0,1,0,1,1,0,1,0,1,0,1,0,1,0,1,0,1,0,0,1,0,0,0,1.7,Low Risk
8590-OHDIW,0,38,20.3,749.35,0,1,1,1,0,0,0,1,1,0,1,0,1,0,1,0,1,0,1,0,1,0,0,0,0,1,0,1.7,Low Risk
4335-UPJSI,0,24,19.75,498.1,0,0,1,1,0,0,0,1,1,0,1,0,1,0,1,0,1,0,1,0,0,1,0,0,0,1,0,1.6,Low Risk
9339-FIIJL,0,72,85.95,6151.9,1,1,0,1,0,1,0,0,0,0,0,1,0,1,0,1,0,1,0,1,0,1,0,0,0,0,0,1.6,Low Risk
0909-SELIE,0,61,80.8,4860.85,1,1,0,1,0,1,0,0,0,1,0,1,0,1,0,1,0,0,0,1,0,1,1,0,0,0,0,1.6,Low Risk
8626-PTQGE,0,69,60.05,4176.7,1,0,0,0,1,0,0,0,0,1,0,1,0,0,0,1,0,1,0,1,0,1,1,0,0,0,0,1.6,Low Risk
1227-UDMZR,0,72,91.15,6637.9,0,1,0,1,0,1,0,0,0,1,0,1,0,1,0,1,0,1,0,1,0,1,1,0,0,0,0,1.6,Low Risk
6701-YVNQG,0,72,88.7,6301.7,1,1,0,1,0,1,0,0,0,1,0,1,0,1,0,1,0,1,0,1,0,1,1,1,0,0,0,1.6,Low Risk
0230-UBYPQ,1,63,36.1,2298.9,1,1,0,0,1,0,0,0,0,1,0,0,0,0,0,1,0,0,0,0,1,0,0,0,0,0,0,1.6,Low Risk
4213-HKBJO,0,33,25.7,826.1,0,0,0,1,0,1,0,1,1,0,1,0,1,0,1,0,1,0,1,0,0,1,0,1,0,0,0,1.6,Low Risk
1122-YJBCS,0,69,53.65,3804.4,1,1,0,1,0,0,0,0,0,1,0,1,0,0,0,0,0,0,0,0,1,0,1,1,0,0,0,1.5,Low Risk
7401-JIXNM,0,54,91.3,4965.0,0,1,1,1,0,1,0,0,0,1,0,1,0,1,0,1,0,1,0,1,0,1,0,1,0,0,0,1.5,Low Risk
9674-EHPPG,0,46,40.4,1842.7,1,1,0,0,1,0,0,0,0,1,0,0,0,1,0,1,0,0,0,0,0,1,0,1,0,0,0,1.5,Low Risk
5498-IBWPI,0,66,49.4,3251.85,0,1,1,1,0,0,0,0,0,0,0,0,0,0,0,1,0,0,0,0,1,0,1,1,0,0,0,1.5,Low Risk
5774-QPLTF,0,50,20.35,938.95,1,1,1,1,0,0,0,1,1,0,1,0,1,0,1,0,1,0,1,0,1,0,1,0,0,1,0,1.4,Low Risk
9610-WCESF,0,67,43.9,3097.2,1,0,0,0,1,0,0,0,0,1,0,0,0,0,0,1,0,1,0,0,0,1,0,0,1,0,0,1.4,Low Risk
3251-YMVWZ,0,53,24.05,1301.9,1,0,0,1,0,1,0,1,1,0,1,0,1,0,1,0,1,0,1,0,1,0,0,0,0,0,0,1.4,Low Risk
0788-DXBFY,0,58,19.55,1108.8,1,1,1,1,0,0,0,1,1,0,1,0,1,0,1,0,1,0,1,0,1,0,1,0,1,0,0,1.4,Low Risk
9968-FFVVH,0,63,68.8,4111.35,1,0,0,1,0,1,0,0,0,1,0,1,0,1,0,1,0,0,0,0,1,0,0,0,0,0,0,1.4,Low Risk
6332-FBZRI,0,67,69.35,4653.25,1,1,1,1,0,1,0,0,0,1,0,1,0,1,0,1,0,0,0,0,1,0,1,1,0,0,0,1.4,Low Risk
1088-AUUZZ,0,56,75.85,4261.2,1,1,1,1,0,1,0,0,0,1,0,1,0,0,0,1,0,0,0,1,0,1,1,1,0,0,0,1.4,Low Risk
0123-CRBRT,0,61,88.1,5526.75,0,1,1,1,0,1,0,0,0,1,0,1,0,1,0,1,0,1,0,1,0,1,0,0,0,1,0,1.4,Low Risk
1568-BEKZM,1,70,90.05,6333.4,1,1,0,1,0,1,0,0,0,1,0,1,0,1,0,1,0,1,0,1,0,1,0,1,0,0,0,1.4,Low Risk
7216-KAOID,0,41,19.5,798.2,1,1,1,1,0,0,0,1,1,0,1,0,1,0,1,0,1,0,1,0,1,0,0,0,0,0,0,1.4,Low Risk
4654-ULTTN,0,70,74.8,5315.8,1,1,0,1,0,1,0,0,0,1,0,0,0,1,0,1,0,0,0,1,0,1,1,1,0,0,0,1.3,Low Risk
3161-ONRWK,0,60,65.85,3928.3,1,1,1,1,0,0,0,0,0,1,0,1,0,1,0,1,0,0,0,0,1,0,1,0,0,0,0,1.3,Low Risk
6953-PBDIN,0,70,72.95,5265.55,1,1,0,1,0,1,0,0,0,0,0,1,0,1,0,1,0,1,0,0,0,1,0,0,0,0,0,1.3,Low Risk
0625-AFOHS,0,29,20.2,558.8,0,1,1,1,0,0,0,1,1,0,1,0,1,0,1,0,1,0,1,0,0,1,0,0,0,1,0,1.3,Low Risk
2824-DXNKN,0,72,71.45,5025.85,0,1,1,1,0,1,0,0,0,1,0,0,0,1,0,0,0,1,0,0,0,1,1,0,0,0,0,1.3,Low Risk
6685-GBWJZ,0,63,70.8,4448.8,1,1,0,1,0,0,0,0,0,1,0,1,0,0,0,1,0,1,0,0,1,0,0,1,0,0,0,1.3,Low Risk
4825-FUREZ,0,42,20.25,835.5,1,1,0,1,0,0,0,1,1,0,1,0,1,0,1,0,1,0,1,0,0,1,0,0,1,0,0,1.3,Low Risk
4955-VCWBI,0,43,20.0,817.95,0,1,1,1,0,0,0,1,1,0,1,0,1,0,1,0,1,0,1,0,1,0,0,0,0,1,0,1.3,Low Risk
8181-YHCMF,0,68,60.3,4109.0,0,1,1,0,1,0,0,0,0,0,0,1,0,1,0,1,0,1,0,1,0,1,0,1,0,0,0,1.3,Low Risk
7205-BAIAD,0,40,20.6,827.3,0,0,0,1,0,0,0,1,1,0,1,0,1,0,1,0,1,0,1,0,0,1,1,0,0,0,0,1.3,Low Risk
4121-AGSIN,0,58,24.5,1497.9,0,1,1,1,0,1,0,1,1,0,1,0,1,0,1,0,1,0,1,0,1,0,1,1,0,0,0,1.3,Low Risk
9067-SQTNS,0,44,20.6,926.0,1,1,1,1,0,0,0,1,1,0,1,0,1,0,1,0,1,0,1,0,1,0,0,0,0,0,0,1.2,Low Risk
8292-ITGYJ,0,45,24.65,1138.8,0,1,1,1,0,1,0,1,1,0,1,0,1,0,1,0,1,0,1,0,0,1,1,0,0,0,0,1.2,Low Risk
9073-ZZIAY,0,62,86.1,5215.25,1,1,1,1,0,0,0,0,0,1,0,1,0,1,0,1,0,1,0,1,0,1,0,0,1,0,0,1.2,Low Risk
8219-VYBVI,0,39,25.0,1004.35,1,0,1,1,0,1,0,1,1,0,1,0,1,0,1,0,1,0,1,0,0,1,0,0,0,1,0,1.2,Low Risk
0301-FIDRB,0,72,63.8,4684.3,0,1,1,0,1,0,0,0,0,1,0,1,0,1,0,1,0,1,0,1,0,1,1,0,0,0,0,1.2,Low Risk
0048-PIHNL,0,49,20.45,900.9,0,1,0,1,0,0,0,1,1,0,1,0,1,0,1,0,1,0,1,0,1,0,0,0,0,0,0,1.2,Low Risk
7649-SIJJF,0,71,80.1,5585.4,1,1,0,1,0,1,0,0,0,1,0,1,0,1,0,1,0,0,0,1,0,1,1,0,0,1,0,1.2,Low Risk
3508-VLHCZ,0,71,90.55,6239.05,0,1,1,1,0,1,0,0,0,1,0,1,0,1,0,1,0,1,0,1,0,1,1,1,0,0,0,1.2,Low Risk
5329-KRDTM,1,72,77.35,5396.25,1,1,0,1,0,1,0,0,0,0,0,1,0,1,0,1,0,1,0,0,0,1,0,1,0,0,0,1.2,Low Risk
0420-TXVSG,0,66,66.1,4428.45,1,1,0,1,0,1,0,0,0,1,0,1,0,1,0,0,0,0,0,0,0,1,1,1,0,0,0,1.2,Low Risk
5727-MYATE,0,72,90.8,6397.6,1,1,1,1,0,1,0,0,0,1,0,1,0,1,0,1,0,1,0,1,0,1,1,1,0,0,0,1.2,Low Risk
8430-TWCBX,0,49,20.7,1032.05,0,1,0,1,0,0,0,1,1,0,1,0,1,0,1,0,1,0,1,0,1,0,0,1,0,0,0,1.2,Low Risk
5266-PFRQK,0,52,20.85,1071.6,1,1,1,1,0,0,0,1,1,0,1,0,1,0,1,0,1,0,1,0,1,0,1,1,0,0,0,1.2,Low Risk
3967-KXAPS,0,72,92.3,6719.9,1,1,0,1,0,1,0,0,0,1,0,1,0,1,0,1,0,1,0,1,0,1,0,1,0,0,0,1.1,Low Risk
2649-HWLYB,0,65,76.15,4929.55,1,1,0,1,0,1,0,0,0,1,0,0,0,1,0,1,0,0,0,1,0,1,0,0,0,0,0,1.1,Low Risk
2885-HIJDH,0,69,86.9,6194.1,1,1,1,1,0,1,0,0,0,1,0,0,0,1,0,1,0,1,0,1,0,1,0,0,0,0,0,1.1,Low Risk
0839-JTCUD,0,66,89.9,5958.85,0,1,1,1,0,1,0,0,0,1,0,1,0,1,0,1,0,1,0,1,0,1,0,1,0,0,0,1.1,Low Risk
2990-IAJSV,0,72,92.0,6632.75,1,0,0,1,0,1,0,0,0,1,0,1,0,1,0,1,0,1,0,1,0,1,0,0,0,0,0,1.1,Low Risk
6388-TABGU,0,62,56.15,3487.95,1,0,1,1,0,0,0,0,0,1,0,1,0,0,0,0,0,0,0,0,1,0,0,0,0,0,0,1.1,Low Risk
6374-AFWOX,0,46,65.65,3047.15,1,1,0,1,0,0,0,0,0,1,0,1,0,1,0,1,0,0,0,0,0,1,0,0,0,1,0,1.0,Low Risk
5845-BZZIB,0,35,20.1,655.3,1,1,1,1,0,0,0,1,1,0,1,0,1,0,1,0,1,0,1,0,0,1,0,0,0,1,0,1.0,Low Risk
4735-BJKOU,0,40,20.15,804.85,0,0,0,1,0,0,0,1,1,0,1,0,1,0,1,0,1,0,1,0,0,1,0,0,0,1,0,1.0,Low Risk
6169-PPETC,0,35,20.5,759.35,1,1,1,1,0,0,0,1,1,0,1,0,1,0,1,0,1,0,1,0,0,1,0,0,0,0,0,1.0,Low Risk
2263-SFSQZ,0,51,24.95,1222.25,1,1,1,1,0,1,0,1,1,0,1,0,1,0,1,0,1,0,1,0,0,1,1,0,0,1,0,1.0,Low Risk
1459-QNFQT,0,70,59.5,4144.8,1,1,1,0,1,0,0,0,0,1,0,0,0,1,0,1,0,1,0,1,0,1,0,0,0,0,0,1.0,Low Risk
7560-QJAVJ,0,70,79.6,5589.45,0,0,0,1,0,0,0,0,0,1,0,0,0,1,0,1,0,1,0,1,0,1,0,0,0,0,0,0.9,Low Risk
1047-RNXZV,0,43,19.55,876.15,1,0,0,1,0,0,0,1,1,0,1,0,1,0,1,0,1,0,1,0,0,1,0,0,0,1,0,0.9,Low Risk
8580-QVLOC,1,72,92.45,6440.25,0,1,1,1,0,1,0,0,0,1,0,1,0,1,0,1,0,1,0,1,0,1,0,1,0,0,1,0.9,Low Risk
0608-JDVEC,0,50,19.8,1013.2,1,1,0,1,0,0,0,1,1,0,1,0,1,0,1,0,1,0,1,0,0,1,0,0,1,0,0,0.9,Low Risk
3487-EARAT,0,70,74.1,5222.3,0,1,1,1,0,0,0,0,0,1,0,1,0,1,0,1,0,0,0,1,1,0,0,1,0,0,0,0.9,Low Risk
7408-OFWXJ,0,72,89.8,6510.45,0,1,1,1,0,1,0,0,0,1,0,1,0,1,0,1,0,1,0,1,0,1,0,1,0,0,0,0.9,Low Risk
4674-HGNUA,0,71,89.9,6457.15,1,1,1,1,0,1,0,0,0,1,0,1,0,1,0,1,0,1,0,1,0,1,0,1,0,0,0,0.9,Low Risk
4521-WFJAI,0,56,25.95,1444.05,1,0,0,1,0,1,0,1,1,0,1,0,1,0,1,0,1,0,1,0,0,1,1,0,0,0,0,0.9,Low Risk
6080-LNESI,0,51,24.75,1234.6,1,0,0,1,0,1,0,1,1,0,1,0,1,0,1,0,1,0,1,0,0,1,0,0,0,1,0,0.9,Low Risk
6288-CHQJB,0,54,69.95,3871.85,0,1,1,1,0,0,0,0,0,1,0,0,0,1,0,1,0,0,0,1,0,1,0,0,0,0,0,0.9,Low Risk
4012-YCFAI,0,60,61.35,3766.2,1,1,0,1,0,0,0,0,0,1,0,1,0,0,0,1,0,0,0,0,0,1,1,0,0,1,0,0.9,Low Risk
0379-DJQHR,0,67,81.35,5398.6,1,1,1,1,0,0,0,0,0,1,0,1,0,1,0,0,0,1,0,1,0,1,0,1,0,0,0,0.9,Low Risk
5181-OABFK,0,56,61.3,3346.8,0,1,1,1,0,0,0,0,0,1,0,1,0,1,0,0,0,0,0,0,0,1,1,1,0,0,0,0.9,Low Risk
0732-OCQOC,0,52,25.05,1270.25,0,1,1,1,0,1,0,1,1,0,1,0,1,0,1,0,1,0,1,0,0,1,1,0,0,0,0,0.9,Low Risk
1716-LSAMB,0,45,54.65,2553.7,1,1,1,1,0,0,0,0,0,1,0,0,0,0,0,1,0,0,0,0,0,1,0,0,0,0,0,0.9,Low Risk
2925-VDZHY,0,72,88.7,6501.35,1,1,1,1,0,1,0,0,0,1,0,1,0,1,0,1,0,1,0,1,0,1,0,1,0,0,0,0.9,Low Risk
9588-YRFHY,0,49,19.9,1022.6,1,0,0,1,0,0,0,1,1,0,1,0,1,0,1,0,1,0,1,0,0,1,1,1,0,0,0,0.9,Low Risk
5296-BFCYD,0,46,20.1,936.85,1,1,1,1,0,0,0,1,1,0,1,0,1,0,1,0,1,0,1,0,0,1,1,0,0,1,0,0.9,Low Risk
6292-TOSSS,0,50,24.9,1195.25,1,0,0,1,0,1,0,1,1,0,1,0,1,0,1,0,1,0,1,0,0,1,0,0,0,0,0,0.8,Low Risk
4940-KHCWD,0,60,37.7,2288.7,0,1,0,0,1,0,0,0,0,1,0,1,0,0,0,1,0,0,0,0,0,1,0,0,0,0,0,0.8,Low Risk
5803-NQJZO,0,72,67.8,4804.65,1,1,0,1,0,1,0,0,0,1,0,1,0,1,0,1,0,0,0,0,0,1,1,0,0,0,0,0.8,Low Risk
0769-MURVM,0,72,65.7,4575.35,0,1,1,0,1,0,0,0,0,1,0,1,0,1,0,1,0,1,0,1,0,1,0,0,0,0,0,0.8,Low Risk
7998-WNZEM,0,71,80.6,5708.2,1,0,0,1,0,1,0,0,0,1,0,1,0,1,0,1,0,0,0,1,0,1,0,0,0,0,0,0.8,Low Risk
9755-JHNMN,0,49,67.4,3306.85,0,0,0,1,0,0,0,0,0,1,0,1,0,1,0,1,0,0,0,0,0,1,0,0,0,0,0,0.8,Low Risk
4779-ZGICK,0,48,23.55,1173.35,1,1,1,1,0,1,0,1,1,0,1,0,1,0,1,0,1,0,1,0,0,1,0,0,0,1,0,0.8,Low Risk
0052-YNYOT,0,67,20.55,1343.4,0,0,0,1,0,0,0,1,1,0,1,0,1,0,1,0,1,0,1,0,1,0,0,0,1,0,0,0.7,Low Risk
2954-PIBKO,0,69,64.15,4254.1,0,1,1,1,0,1,0,0,0,1,0,0,0,1,0,1,0,0,0,0,0,1,1,1,0,0,0,0.7,Low Risk
6164-HAQTX,0,71,53.95,3888.65,1,0,0,0,1,0,0,0,0,1,0,1,0,1,0,1,0,1,0,0,0,1,0,0,0,0,0,0.7,Low Risk
3948-KXDUF,0,66,68.75,4447.55,1,0,0,1,0,1,0,0,0,1,0,1,0,1,0,1,0,0,0,0,0,1,0,0,0,0,0,0.7,Low Risk
8338-QIUNR,0,72,66.5,4811.6,1,1,1,1,0,1,0,0,0,1,0,0,0,1,0,1,0,0,0,0,0,1,1,1,0,0,0,0.7,Low Risk
5457-COLHT,0,69,80.65,5542.55,1,1,1,1,0,0,0,0,0,1,0,1,0,0,0,1,0,1,0,1,0,1,0,0,0,0,0,0.7,Low Risk
5324-KTGCG,0,71,20.85,1539.75,1,1,0,1,0,0,0,1,1,0,1,0,1,0,1,0,1,0,1,0,1,0,0,0,1,0,0,0.7,Low Risk
4018-PPNDW,0,61,24.1,1551.6,0,1,1,1,0,1,0,1,1,0,1,0,1,0,1,0,1,0,1,0,0,1,1,0,0,1,0,0.7,Low Risk
3470-OBUET,0,67,74.0,4868.4,0,1,1,1,0,1,0,0,0,1,0,1,0,0,0,1,0,1,0,0,0,1,0,1,0,0,0,0.7,Low Risk
8532-UEFWH,0,52,25.75,1345.85,1,1,1,1,0,1,0,1,1,0,1,0,1,0,1,0,1,0,1,0,0,1,0,0,0,1,0,0.7,Low Risk
8241-JUIQO,0,61,19.45,1336.35,0,0,0,1,0,0,0,1,1,0,1,0,1,0,1,0,1,0,1,0,1,0,0,0,0,0,0,0.7,Low Risk
6096-EGVTU,0,64,24.9,1595.5,0,1,1,1,0,1,0,1,1,0,1,0,1,0,1,0,1,0,1,0,1,0,0,0,0,1,0,0.7,Low Risk
0562-FGDCR,0,72,74.55,5430.65,0,1,1,1,0,1,0,0,0,1,0,1,0,0,0,1,0,1,0,0,0,1,0,0,0,1,0,0.7,Low Risk
3071-MVJCD,0,72,82.3,5815.15,1,1,1,1,0,1,0,0,0,1,0,1,0,1,0,1,0,1,0,0,0,1,0,0,0,0,0,0.6,Low Risk
5666-MBJPT,0,65,25.1,1725.0,1,0,0,1,0,1,0,1,1,0,1,0,1,0,1,0,1,0,1,0,0,1,1,0,0,0,0,0.6,Low Risk
6248-BSHKG,0,61,20.4,1226.45,1,1,1,1,0,0,0,1,1,0,1,0,1,0,1,0,1,0,1,0,1,0,0,0,0,1,0,0.6,Low Risk
9114-DPSIA,0,72,81.0,5750.0,1,1,1,1,0,1,0,0,0,1,0,1,0,1,0,1,0,0,0,1,0,1,0,1,0,0,0,0.6,Low Risk
8028-PNXHQ,0,62,24.25,1424.6,1,1,1,1,0,1,0,1,1,0,1,0,1,0,1,0,1,0,1,0,0,1,1,0,0,0,0,0.6,Low Risk
3088-FVYWK,0,53,25.55,1336.1,1,1,1,1,0,1,0,1,1,0,1,0,1,0,1,0,1,0,1,0,0,1,0,1,0,0,0,0.6,Low Risk
0463-TXOAK,0,52,25.6,1334.5,1,0,1,1,0,1,0,1,1,0,1,0,1,0,1,0,1,0,1,0,0,1,0,1,0,0,0,0.6,Low Risk
6365-HITVU,0,71,87.25,6328.7,0,1,1,1,0,0,0,0,0,1,0,1,0,1,0,1,0,1,0,1,0,1,0,1,0,0,0,0.6,Low Risk
3200-MNQTF,0,67,70.9,4677.1,1,1,0,1,0,1,0,0,0,1,0,1,0,1,0,1,0,0,0,0,0,1,0,1,0,0,0,0.6,Low Risk
3913-FCUUW,0,72,70.45,5165.7,0,1,1,1,0,1,0,0,0,1,0,1,0,1,0,1,0,0,0,0,0,1,1,0,0,0,0,0.6,Low Risk
2230-XTUWL,0,48,19.55,883.35,0,1,1,1,0,0,0,1,1,0,1,0,1,0,1,0,1,0,1,0,0,1,0,0,0,1,0,0.6,Low Risk
6283-GITPX,0,71,76.9,5522.7,1,0,1,1,0,0,0,0,0,1,0,1,0,1,0,1,0,1,0,0,0,1,1,1,0,0,0,0.6,Low Risk
1709-EJDOX,0,47,19.75,948.9,0,1,1,1,0,0,0,1,1,0,1,0,1,0,1,0,1,0,1,0,0,1,0,0,0,1,0,0.6,Low Risk
3795-GWTRD,0,63,75.55,4707.85,0,1,1,1,0,0,0,0,0,1,0,1,0,1,0,1,0,1,0,0,0,1,0,1,0,0,0,0.6,Low Risk
4698-KVLLG,1,51,19.6,967.9,0,0,0,1,0,0,0,1,1,0,1,0,1,0,1,0,1,0,1,0,0,1,0,1,0,0,0,0.6,Low Risk
4299-OPXEJ,0,56,19.55,1080.55,0,0,0,1,0,0,0,1,1,0,1,0,1,0,1,0,1,0,1,0,0,1,1,0,0,0,0,0.6,Low Risk
3580-GICBM,0,61,24.2,1445.2,0,1,1,1,0,1,0,1,1,0,1,0,1,0,1,0,1,0,1,0,0,1,1,0,0,1,0,0.6,Low Risk
3884-UEBXB,0,67,36.15,2434.45,0,1,1,0,1,0,0,0,0,1,0,1,0,0,0,0,0,0,0,0,0,1,0,0,0,0,0,0.6,Low Risk
8701-DGLVH,0,51,20.45,1042.65,1,0,0,1,0,0,0,1,1,0,1,0,1,0,1,0,1,0,1,0,0,1,0,0,0,1,0,0.6,Low Risk
3511-BFTJW,0,72,38.5,2763.0,1,1,1,0,1,0,0,0,0,1,0,1,0,1,0,0,0,0,0,0,0,1,0,1,0,0,0,0.5,Low Risk
6134-KWTBV,0,62,23.4,1429.65,1,0,0,1,0,1,0,1,1,0,1,0,1,0,1,0,1,0,1,0,0,1,0,0,0,0,0,0.5,Low Risk
6370-ZVHDV,0,61,25.3,1554.9,0,1,0,1,0,1,0,1,1,0,1,0,1,0,1,0,1,0,1,0,0,1,0,0,0,0,0,0.5,Low Risk
9372-TXXPS,0,60,59.85,3483.45,0,1,0,1,0,0,0,0,0,1,0,1,0,0,0,1,0,0,0,0,0,1,0,0,0,0,0,0.5,Low Risk
8207-VVMYB,0,70,26.0,2006.95,0,1,0,1,0,1,0,1,1,0,1,0,1,0,1,0,1,0,1,0,0,1,1,0,0,0,0,0.5,Low Risk
4742-TXUEX,0,47,19.3,890.5,0,1,1,1,0,0,0,1,1,0,1,0,1,0,1,0,1,0,1,0,0,1,0,0,0,0,0,0.5,Low Risk
3967-VQOGC,0,67,24.9,1680.25,0,1,1,1,0,1,0,1,1,0,1,0,1,0,1,0,1,0,1,0,0,1,1,0,0,1,0,0.5,Low Risk
1574-DYCWE,0,51,19.95,1028.75,0,1,1,1,0,0,0,1,1,0,1,0,1,0,1,0,1,0,1,0,0,1,0,0,0,1,0,0.5,Low Risk
4302-ZYFEL,0,69,20.55,1403.1,1,1,1,1,0,0,0,1,1,0,1,0,1,0,1,0,1,0,1,0,1,0,1,1,0,0,0,0.5,Low Risk
4785-FCIFB,0,61,24.4,1417.9,0,1,0,1,0,1,0,1,1,0,1,0,1,0,1,0,1,0,1,0,0,1,0,0,0,1,0,0.5,Low Risk
1926-QUZNN,0,72,25.25,1841.2,0,1,0,1,0,1,0,1,1,0,1,0,1,0,1,0,1,0,1,0,0,1,1,0,0,0,0,0.5,Low Risk
5334-AFQJB,1,72,25.1,1789.9,1,0,0,1,0,1,0,1,1,0,1,0,1,0,1,0,1,0,1,0,0,1,1,1,0,0,0,0.5,Low Risk
6349-JDHQP,0,53,19.85,1049.6,0,0,0,1,0,0,0,1,1,0,1,0,1,0,1,0,1,0,1,0,0,1,0,1,0,0,0,0.5,Low Risk
1085-LDWAM,0,69,20.35,1442.65,0,1,1,1,0,0,0,1,1,0,1,0,1,0,1,0,1,0,1,0,1,0,1,1,0,0,0,0.5,Low Risk
6917-FIJHC,0,72,26.0,1776.0,0,1,0,1,0,1,0,1,1,0,1,0,1,0,1,0,1,0,1,0,0,1,1,0,0,1,0,0.5,Low Risk
3429-IFLEM,0,71,77.35,5550.1,0,0,0,1,0,0,0,0,0,1,0,1,0,1,0,1,0,1,0,0,0,1,0,1,0,0,0,0.5,Low Risk
1697-LYYYX,0,61,19.1,1143.8,0,1,1,1,0,0,0,1,1,0,1,0,1,0,1,0,1,0,1,0,1,0,0,1,0,0,0,0.5,Low Risk
9814-AOUDH,0,53,19.5,1050.5,1,0,0,1,0,0,0,1,1,0,1,0,1,0,1,0,1,0,1,0,0,1,0,1,0,0,0,0.5,Low Risk
3970-XGJDU,0,62,19.2,1123.65,0,0,0,1,0,0,0,1,1,0,1,0,1,0,1,0,1,0,1,0,0,1,1,1,0,0,0,0.5,Low Risk
6340-DACFT,0,50,20.55,1070.25,0,1,1,1,0,0,0,1,1,0,1,0,1,0,1,0,1,0,1,0,0,1,0,1,0,0,0,0.5,Low Risk
2632-TACXW,0,62,23.65,1416.75,0,1,0,1,0,1,0,1,1,0,1,0,1,0,1,0,1,0,1,0,0,1,0,0,0,0,0,0.5,Low Risk
1705-GUHPV,0,63,24.2,1618.2,0,0,0,1,0,1,0,1,1,0,1,0,1,0,1,0,1,0,1,0,0,1,0,0,0,1,0,0.5,Low Risk
1862-QRWPE,0,48,20.65,1057.0,0,1,1,1,0,0,0,1,1,0,1,0,1,0,1,0,1,0,1,0,0,1,0,0,0,0,0,0.5,Low Risk
3400-ESFUW,0,55,57.55,3046.4,1,1,1,1,0,0,0,0,0,1,0,1,0,0,0,1,0,0,0,0,0,1,0,0,0,0,1,0.5,Low Risk
3454-JFUBC,1,68,20.0,1396.0,1,0,0,1,0,0,0,1,1,0,1,0,1,0,1,0,1,0,1,0,0,1,1,1,0,0,0,0.4,Low Risk
3836-FZSDJ,1,71,24.85,1901.0,1,1,0,1,0,1,0,1,1,0,1,0,1,0,1,0,1,0,1,0,0,1,0,0,0,0,0,0.4,Low Risk
8129-GMVGI,0,56,20.05,1090.1,0,1,1,1,0,0,0,1,1,0,1,0,1,0,1,0,1,0,1,0,0,1,0,0,0,1,0,0.4,Low Risk
1767-CJKBA,0,66,25.1,1697.7,1,0,0,1,0,1,0,1,1,0,1,0,1,0,1,0,1,0,1,0,0,1,0,0,0,1,0,0.4,Low Risk
6625-FLENO,0,58,20.75,1185.95,1,1,0,1,0,0,0,1,1,0,1,0,1,0,1,0,1,0,1,0,0,1,0,0,0,1,0,0.4,Low Risk
2075-PUEPR,0,55,19.35,1153.25,1,1,1,1,0,0,0,1,1,0,1,0,1,0,1,0,1,0,1,0,0,1,0,0,0,0,0,0.4,Low Risk
9430-NKQLY,0,72,25.1,1790.8,1,1,1,1,0,1,0,1,1,0,1,0,1,0,1,0,1,0,1,0,0,1,1,1,0,0,0,0.4,Low Risk
8590-YFFQO,0,70,64.95,4523.25,1,1,0,1,0,0,0,0,0,1,0,1,0,1,0,1,0,0,0,0,0,1,0,1,0,0,0,0.4,Low Risk
7167-PCEYD,0,67,19.8,1311.3,1,0,0,1,0,0,0,1,1,0,1,0,1,0,1,0,1,0,1,0,0,1,1,0,0,1,0,0.4,Low Risk
2696-RZVZW,0,68,25.05,1629.2,1,1,0,1,0,1,0,1,1,0,1,0,1,0,1,0,1,0,1,0,0,1,0,1,0,0,0,0.4,Low Risk
3563-SVYLG,0,68,62.65,4375.8,1,1,1,1,0,0,0,0,0,1,0,1,0,1,0,1,0,0,0,0,0,1,0,1,0,0,0,0.4,Low Risk
1820-DJFPH,0,72,24.05,1709.15,0,1,1,1,0,1,0,1,1,0,1,0,1,0,1,0,1,0,1,0,0,1,1,0,0,0,0,0.4,Low Risk
7729-XBTWX,0,66,19.75,1344.5,1,1,1,1,0,0,0,1,1,0,1,0,1,0,1,0,1,0,1,0,0,1,1,0,0,1,0,0.4,Low Risk
3027-YNWZU,0,64,25.0,1584.8,0,1,0,1,0,1,0,1,1,0,1,0,1,0,1,0,1,0,1,0,0,1,0,1,0,0,0,0.4,Low Risk
0040-HALCW,0,54,20.4,1090.6,1,1,1,1,0,0,0,1,1,0,1,0,1,0,1,0,1,0,1,0,0,1,0,1,0,0,0,0.4,Low Risk
3646-ITDGM,0,56,19.7,1051.9,0,0,0,1,0,0,0,1,1,0,1,0,1,0,1,0,1,0,1,0,0,1,0,0,0,0,0,0.4,Low Risk
8735-SDUFN,1,72,24.3,1778.7,0,1,0,1,0,1,0,1,1,0,1,0,1,0,1,0,1,0,1,0,0,1,0,0,0,0,0,0.4,Low Risk
7114-AEOZE,0,60,19.85,1128.1,0,0,0,1,0,0,0,1,1,0,1,0,1,0,1,0,1,0,1,0,0,1,0,0,0,0,0,0.4,Low Risk
9286-BHDQG,0,72,45.25,3139.8,1,1,1,0,1,0,0,0,0,1,0,1,0,1,0,1,0,0,0,0,0,1,0,1,0,0,0,0.4,Low Risk
2525-GVKQU,0,60,20.6,1093.0,0,0,0,1,0,0,0,1,1,0,1,0,1,0,1,0,1,0,1,0,0,1,0,0,0,1,0,0.4,Low Risk
9135-HSWOC,0,64,19.7,1274.05,1,1,1,1,0,0,0,1,1,0,1,0,1,0,1,0,1,0,1,0,0,1,1,0,0,0,0,0.4,Low Risk
0397-ZXWQF,0,67,20.5,1430.95,1,0,0,1,0,0,0,1,1,0,1,0,1,0,1,0,1,0,1,0,0,1,0,0,0,0,0,0.3,Low Risk
8347-GDTMP,0,64,19.45,1225.65,0,1,0,1,0,0,0,1,1,0,1,0,1,0,1,0,1,0,1,0,0,1,0,1,0,0,0,0.3,Low Risk
7515-LODFU,1,69,20.3,1356.3,1,0,0,1,0,0,0,1,1,0,1,0,1,0,1,0,1,0,1,0,0,1,0,1,0,0,0,0.3,Low Risk
7717-BICXI,0,60,20.55,1205.05,1,1,1,1,0,0,0,1,1,0,1,0,1,0,1,0,1,0,1,0,0,1,0,0,0,1,0,0.3,Low Risk
7157-SMCFK,0,61,19.75,1124.2,1,0,1,1,0,0,0,1,1,0,1,0,1,0,1,0,1,0,1,0,0,1,0,0,0,1,0,0.3,Low Risk
8619-IJNDK,0,71,64.05,4492.9,0,1,1,1,0,0,0,0,0,1,0,1,0,1,0,1,0,0,0,0,0,1,0,1,0,0,0,0.3,Low Risk
0174-QRVVY,0,71,25.35,1847.55,1,1,1,1,0,1,0,1,1,0,1,0,1,0,1,0,1,0,1,0,0,1,0,1,0,0,0,0.3,Low Risk
4312-KFRXN,0,72,25.4,1710.9,1,1,0,1,0,1,0,1,1,0,1,0,1,0,1,0,1,0,1,0,0,1,0,0,0,1,0,0.3,Low Risk
2346-LOCWC,0,58,20.5,1191.4,0,1,1,1,0,0,0,1,1,0,1,0,1,0,1,0,1,0,1,0,0,1,0,1,0,0,0,0.3,Low Risk
6345-FZOQH,0,69,19.9,1363.45,1,1,0,1,0,0,0,1,1,0,1,0,1,0,1,0,1,0,1,0,0,1,0,0,0,1,0,0.3,Low Risk
6848-HJTXY,0,64,19.45,1208.6,0,1,0,1,0,0,0,1,1,0,1,0,1,0,1,0,1,0,1,0,0,1,0,1,0,0,0,0.3,Low Risk
1830-IPXVJ,0,61,19.75,1311.6,0,1,1,1,0,0,0,1,1,0,1,0,1,0,1,0,1,0,1,0,0,1,0,1,0,0,0,0.3,Low Risk
1555-HAPSU,0,71,23.9,1663.5,0,1,1,1,0,1,0,1,1,0,1,0,1,0,1,0,1,0,1,0,0,1,0,1,0,0,0,0.3,Low Risk
1945-XISKS,0,67,19.65,1335.2,0,1,0,1,0,0,0,1,1,0,1,0,1,0,1,0,1,0,1,0,0,1,0,0,0,1,0,0.3,Low Risk
8224-KDLKN,0,72,25.0,1738.9,1,1,1,1,0,1,0,1,1,0,1,0,1,0,1,0,1,0,1,0,0,1,0,0,0,0,0,0.3,Low Risk
9365-CSLBQ,0,71,24.35,1654.6,1,0,1,1,0,1,0,1,1,0,1,0,1,0,1,0,1,0,1,0,0,1,0,0,0,1,0,0.3,Low Risk
2616-FLVQC,0,64,19.55,1240.15,1,0,0,1,0,0,0,1,1,0,1,0,1,0,1,0,1,0,1,0,0,1,0,0,0,1,0,0.3,Low Risk
2169-RRLFW,0,71,25.6,1888.25,0,1,0,1,0,1,0,1,1,0,1,0,1,0,1,0,1,0,1,0,0,1,0,1,0,0,0,0.3,Low Risk
8165-ZJRNM,0,72,23.75,1679.25,0,1,1,1,0,1,0,1,1,0,1,0,1,0,1,0,1,0,1,0,0,1,0,0,0,0,0,0.3,Low Risk
2236-HILPA,0,62,20.65,1218.45,1,1,1,1,0,0,0,1,1,0,1,0,1,0,1,0,1,0,1,0,0,1,0,1,0,0,0,0.3,Low Risk
8711-LOBKY,0,59,19.85,1188.25,1,1,1,1,0,0,0,1,1,0,1,0,1,0,1,0,1,0,1,0,0,1,0,0,0,1,0,0.3,Low Risk
0962-CQPWQ,0,62,20.3,1296.15,0,1,1,1,0,0,0,1,1,0,1,0,1,0,1,0,1,0,1,0,0,1,0,0,0,0,0,0.3,Low Risk
7606-BPHHN,0,72,19.8,1468.75,1,0,0,1,0,0,0,1,1,0,1,0,1,0,1,0,1,0,1,0,0,1,1,1,0,0,0,0.3,Low Risk
3642-BYHDO,0,71,19.9,1389.35,0,1,1,1,0,0,0,1,1,0,1,0,1,0,1,0,1,0,1,0,0,1,0,0,0,0,0,0.2,Low Risk
1403-GYAFU,0,70,20.05,1360.25,1,1,1,1,0,0,0,1,1,0,1,0,1,0,1,0,1,0,1,0,0,1,0,1,0,0,0,0.2,Low Risk
3910-MRQOY,0,72,19.4,1496.45,0,1,0,1,0,0,0,1,1,0,1,0,1,0,1,0,1,0,1,0,0,1,0,0,0,0,0,0.2,Low Risk
1927-QEWMY,0,72,20.5,1502.25,0,1,0,1,0,0,0,1,1,0,1,0,1,0,1,0,1,0,1,0,0,1,0,1,0,0,0,0.2,Low Risk
9537-JALFH,0,69,19.9,1356.7,1,1,1,1,0,0,0,1,1,0,1,0,1,0,1,0,1,0,1,0,0,1,0,0,0,0,0,0.2,Low Risk
4277-BWBML,0,72,19.95,1322.85,1,1,1,1,0,0,0,1,1,0,1,0,1,0,1,0,1,0,1,0,0,1,0,0,0,0,0,0.2,Low Risk
4086-WITJG,0,71,19.7,1301.1,1,1,1,1,0,0,0,1,1,0,1,0,1,0,1,0,1,0,1,0,0,1,0,1,0,0,0,0.2,Low Risk
2984-RGEYA,0,69,19.75,1375.4,0,1,1,1,0,0,0,1,1,0,1,0,1,0,1,0,1,0,1,0,0,1,0,0,0,0,0,0.2,Low Risk
1166-PQLGG,0,72,19.55,1463.45,0,1,1,1,0,0,0,1,1,0,1,0,1,0,1,0,1,0,1,0,0,1,0,0,0,0,0,0.2,Low Risk
0402-OAMEN,0,72,24.45,1709.1,0,1,1,1,0,1,0,1,1,0,1,0,1,0,1,0,1,0,1,0,0,1,0,0,0,0,0,0.2,Low Risk
0480-KYJVA,0,72,24.25,1784.5,0,1,1,1,0,1,0,1,1,0,1,0,1,0,1,0,1,0,1,0,0,1,0,1,0,0,0,0.2,Low Risk
4821-WQOYN,0,72,20.1,1326.25,0,1,1,1,0,0,0,1,1,0,1,0,1,0,1,0,1,0,1,0,0,1,1,1,0,0,0,0.2,Low Risk
0794-YVSGE,0,72,20.3,1401.15,1,1,1,1,0,0,0,1,1,0,1,0,1,0,1,0,1,0,1,0,0,1,0,0,0,0,0,0.2,Low Risk
7602-DBTOU,0,71,19.6,1416.5,0,1,0,1,0,0,0,1,1,0,1,0,1,0,1,0,1,0,1,0,0,1,0,0,0,1,0,0.2,Low Risk
